CustomerID,RegisterDate,Gender,BirthYear,Addr1,Addr2,Age,AgeGroup,OrderID_x,Seq_x,OrderDate_x,ProductID_x,Qty_x,Amt_x,Year_x,Month_x,OrderID_y,Seq_y,OrderDate_y,ProductID_y,Qty_y,Amt_y,Year_y,Month_y,churn,RegDuration,Visit_3M_Cnt,Amt_3M_sum
c328222,2014-09-25,F,1960,강원도,원주시,56,56.0,99,1,2016-07-12,p1149401,1,909,2016,7,161.0,1.0,2017-01-04,p1255281,1.0,1182.0,2017.0,1.0,0,2,15.0,47979
c354310,2015-07-16,F,1964,강원도,원주시,52,52.0,181,3,2016-11-29,p1178011,1,8800,2016,11,,,,,,,,,1,1,1.0,8800
c390828,2016-10-15,F,1984,강원도,원주시,32,32.0,49,14,2016-10-15,p1149411,1,1000,2016,10,,,,,,,,,1,0,3.0,18172
c386399,2016-08-18,F,1972,강원도,원주시,44,44.0,121,4,2016-10-12,p1012581,3,3150,2016,10,,,,,,,,,1,0,1.0,3150
c334038,2014-11-21,F,1976,강원도,원주시,40,40.0,203,1,2016-09-22,p1144371,1,1850,2016,9,,,,,,,,,1,2,2.0,9850
c345766,2015-04-12,M,1980,강원도,춘천시,36,36.0,135,2,2016-07-03,p1162631,1,4600,2016,7,105.0,3.0,2017-02-20,p1144661,1.0,2500.0,2017.0,2.0,0,1,3.0,11950
c351869,2015-06-17,F,1963,강원도,춘천시,53,53.0,193,7,2016-08-25,p1072601,1,4600,2016,8,,,,,,,,,1,1,2.0,5300
c348599,2015-05-12,F,1973,강원도,춘천시,43,43.0,111,2,2016-07-06,p1006411,1,1091,2016,7,95.0,3.0,2017-01-03,p1097821,1.0,1000.0,2017.0,1.0,0,1,1.0,-1000
c347315,2015-04-27,F,1971,강원도,횡성군,45,45.0,103,5,2016-10-30,p1005771,1,1850,2016,10,,,,,,,,,1,1,2.0,3700
c343447,2015-03-19,F,1975,경기도,고양시,41,41.0,165,1,2016-07-08,p1030071,2,4900,2016,7,147.0,3.0,2017-01-04,p1233511,1.0,2160.0,2017.0,1.0,0,1,2.0,3591
c343320,2015-03-18,F,1955,경기도,고양시,61,61.0,57,3,2016-09-23,p1005771,1,1850,2016,9,99.0,9.0,2017-02-24,p1255281,1.0,1182.0,2017.0,2.0,0,1,4.0,18506
c341313,2015-02-24,F,1979,경기도,광명시,37,37.0,113,2,2016-12-05,p1006281,1,864,2016,12,,,,,,,,,1,1,1.0,864
c356815,2015-08-19,F,1965,경기도,광주시,51,51.0,19,3,2016-07-05,p1005891,2,3900,2016,7,161.0,2.0,2017-01-20,p1012761,1.0,1900.0,2017.0,1.0,0,1,2.0,9850
c385713,2016-08-08,F,1968,경기도,구리시,48,48.0,7,6,2016-08-20,p1005891,2,3900,2016,8,193.0,1.0,2017-01-27,p1178011,1.0,8800.0,2017.0,1.0,0,0,5.0,31800
c335945,2014-12-16,F,1971,경기도,김포시,45,45.0,109,1,2016-09-30,p1013161,1,2950,2016,9,117.0,1.0,2017-03-12,p1179241,1.0,2200.0,2017.0,3.0,0,2,1.0,1900
c372869,2016-03-12,F,1975,경기도,남양주시,41,41.0,35,12,2016-07-02,p1012881,1,1600,2016,7,77.0,6.0,2017-03-07,p1072601,1.0,3950.0,2017.0,3.0,0,0,2.0,11682
c363589,2015-11-12,F,1983,경기도,남양주시,33,33.0,21,3,2016-07-02,p1284851,1,2750,2016,7,151.0,5.0,2017-03-07,p1011291,1.0,273.0,2017.0,3.0,0,1,1.0,8400
c357744,2015-08-28,F,1985,경기도,성남시,31,31.0,229,1,2016-08-31,p1005891,1,1950,2016,8,169.0,1.0,2017-03-03,p1233511,1.0,2600.0,2017.0,3.0,0,1,3.0,11150
c328664,2014-09-30,F,1979,경기도,수원시,37,37.0,197,7,2016-08-25,p1139681,2,1818,2016,8,,,,,,,,,1,2,3.0,3081
c323093,2014-07-23,M,1978,경기도,안산시,38,38.0,97,2,2016-12-30,p1005771,2,3700,2016,12,21.0,1.0,2017-03-25,p1002841,1.0,10700.0,2017.0,3.0,0,2,1.0,4850
c356629,2015-08-17,F,1984,경기도,안성시,32,32.0,39,2,2016-08-15,p1284851,1,2750,2016,8,35.0,2.0,2017-02-17,p1284851,1.0,2750.0,2017.0,2.0,0,1,2.0,6450
c307519,2014-02-08,F,1953,경기도,안양시,63,63.0,63,2,2016-10-15,p1005771,1,1850,2016,10,,,,,,,,,1,2,3.0,7300
c353614,2015-07-07,F,1984,경기도,용인시,32,32.0,209,2,2016-08-03,p1072601,1,4600,2016,8,179.0,2.0,2017-01-02,p1284851,1.0,2750.0,2017.0,1.0,0,1,4.0,14700
c358171,2015-09-02,F,1977,경기도,용인시,39,39.0,13,1,2016-11-25,p1005891,1,1950,2016,11,65.0,1.0,2017-02-09,p1097821,1.0,1000.0,2017.0,2.0,0,1,1.0,1950
c327669,2014-09-19,F,1957,경기도,파주시,59,59.0,91,2,2016-10-27,p1256521,-1,-1850,2016,10,85.0,1.0,2017-01-14,p1002841,1.0,13800.0,2017.0,1.0,0,2,2.0,1350
c357840,2015-08-31,F,1981,경기도,고양시,35,35.0,55,5,2016-07-19,p1175481,1,1300,2016,7,77.0,1.0,2017-02-09,p1089531,1.0,2500.0,2017.0,2.0,0,1,2.0,10100
c312251,2014-04-01,F,1981,경기도,고양시,35,35.0,123,4,2016-09-27,p1100371,1,400,2016,9,127.0,2.0,2017-02-13,p1100371,1.0,400.0,2017.0,2.0,0,2,1.0,400
c354478,2015-07-18,F,1977,경기도,고양시,39,39.0,129,2,2016-07-27,p1246581,3,3408,2016,7,53.0,4.0,2017-02-08,p1001771,2.0,5900.0,2017.0,2.0,0,1,3.0,20970
c310553,2014-03-13,F,1971,경기도,고양시,45,45.0,115,1,2016-07-12,p1149411,1,1000,2016,7,53.0,2.0,2017-02-24,p1299491,1.0,2150.0,2017.0,2.0,0,2,5.0,33350
c324337,2014-08-09,F,1979,경기도,고양시,37,37.0,35,11,2016-09-27,p1052661,1,1455,2016,9,111.0,2.0,2017-01-05,p1072601,1.0,4200.0,2017.0,1.0,0,2,2.0,15085
c343469,2015-03-19,F,1983,경기도,고양시,33,33.0,19,1,2016-07-04,p1133371,2,2000,2016,7,11.0,4.0,2017-01-02,p1133371,2.0,2000.0,2017.0,1.0,0,1,9.0,42150
c353494,2015-07-06,F,1961,경기도,고양시,55,55.0,5,2,2016-07-02,p1200641,1,5200,2016,7,189.0,5.0,2017-01-11,p1179241,1.0,1900.0,2017.0,1.0,0,1,18.0,86240
c356904,2015-08-20,M,1973,경기도,고양시,43,43.0,45,3,2016-07-28,p1001771,1,3600,2016,7,17.0,1.0,2017-02-03,p1100371,1.0,400.0,2017.0,2.0,0,1,2.0,1200
c365459,2015-12-06,F,1979,경기도,고양시,37,37.0,135,1,2016-07-17,p1013251,2,3300,2016,7,157.0,2.0,2017-01-04,p1012761,1.0,1900.0,2017.0,1.0,0,1,5.0,53970
c307738,2014-02-11,M,1977,경기도,고양시,39,39.0,87,1,2016-08-29,p1162631,2,9200,2016,8,9.0,2.0,2017-01-08,p1162631,1.0,4150.0,2017.0,1.0,0,2,7.0,100170
c314866,2014-04-28,F,1979,경기도,고양시,37,37.0,163,1,2016-07-12,p1200641,1,4600,2016,7,141.0,3.0,2017-01-12,p1097821,2.0,2000.0,2017.0,1.0,0,2,5.0,37058
c318126,2014-05-29,F,1968,경기도,고양시,48,48.0,155,4,2016-07-03,p1233511,1,2050,2016,7,23.0,1.0,2017-01-07,p1012581,1.0,1050.0,2017.0,1.0,0,2,9.0,25878
c342735,2015-03-11,F,1979,경기도,고양시,37,37.0,33,3,2016-07-07,p1005771,1,1850,2016,7,25.0,2.0,2017-01-09,p1284851,1.0,2750.0,2017.0,1.0,0,1,8.0,58633
c319034,2014-06-10,F,1974,경기도,고양시,42,42.0,61,1,2016-10-17,p1207281,1,2750,2016,10,79.0,4.0,2017-01-11,p1012581,1.0,1050.0,2017.0,1.0,0,2,1.0,2750
c371075,2016-02-19,F,1968,경기도,고양시,48,48.0,63,2,2016-07-02,p1284851,2,5500,2016,7,145.0,3.0,2017-01-17,p1012581,1.0,1050.0,2017.0,1.0,0,0,6.0,23775
c342914,2015-03-13,F,1979,경기도,고양시,37,37.0,33,3,2016-09-01,p1256521,1,1850,2016,9,53.0,5.0,2017-02-23,p1284851,1.0,2750.0,2017.0,2.0,0,1,1.0,12850
c391647,2016-10-25,F,1970,경기도,고양시,46,46.0,43,3,2016-11-22,p1175481,1,1300,2016,11,85.0,3.0,2017-01-06,p1175481,1.0,1300.0,2017.0,1.0,0,0,2.0,6800
c352817,2015-06-29,F,1962,경기도,고양시,54,54.0,37,7,2016-07-04,p1030071,2,4900,2016,7,23.0,3.0,2017-01-02,p1284851,1.0,2750.0,2017.0,1.0,0,1,10.0,76439
c349634,2015-05-25,F,1967,경기도,고양시,49,49.0,153,1,2016-07-04,p1012751,1,1250,2016,7,161.0,2.0,2017-02-07,p1207281,1.0,3300.0,2017.0,2.0,0,1,12.0,86408
c345899,2015-04-13,F,1981,경기도,과천시,35,35.0,17,2,2016-07-08,p1030071,1,2450,2016,7,75.0,1.0,2017-01-14,p1149411,1.0,1000.0,2017.0,1.0,0,1,15.0,91864
c337495,2015-01-06,F,1975,경기도,과천시,41,41.0,71,1,2016-07-06,p1012641,2,2200,2016,7,,,,,,,,,1,1,3.0,3791
c387615,2016-09-01,F,1988,경기도,광명시,28,28.0,139,1,2016-09-13,p1012751,1,1500,2016,9,23.0,5.0,2017-02-25,p1127201,1.0,3727.0,2017.0,2.0,0,0,1.0,600
c347234,2015-04-27,F,1983,경기도,광명시,33,33.0,169,4,2016-07-04,p1005771,1,1850,2016,7,195.0,2.0,2017-01-13,p1013161,1.0,2950.0,2017.0,1.0,0,1,5.0,18200
c342408,2015-03-07,F,1980,경기도,광명시,36,36.0,177,6,2016-07-29,p1072601,1,4600,2016,7,49.0,1.0,2017-03-10,p1002841,1.0,11800.0,2017.0,3.0,0,1,1.0,11042
c336759,2014-12-26,F,1976,경기도,광명시,40,40.0,153,1,2016-07-19,p1200641,1,4600,2016,7,,,,,,,,,1,2,5.0,18450
c392831,2016-11-07,F,1969,경기도,구리시,47,47.0,217,1,2016-11-14,p1235451,1,1227,2016,11,139.0,2.0,2017-01-17,p1235451,1.0,1091.0,2017.0,1.0,0,0,2.0,7877
c312197,2014-04-01,F,1985,경기도,구리시,31,31.0,25,7,2016-07-02,p1005771,1,1850,2016,7,87.0,1.0,2017-01-05,p1089531,1.0,2500.0,2017.0,1.0,0,2,8.0,52258
c368157,2016-01-11,F,1973,경기도,구리시,43,43.0,57,2,2016-07-25,p1233511,1,1900,2016,7,165.0,11.0,2017-01-27,p1013161,1.0,2950.0,2017.0,1.0,0,0,2.0,9741
c313204,2014-04-11,M,1979,경기도,구리시,37,37.0,33,1,2016-07-31,p1072601,1,4600,2016,7,45.0,1.0,2017-01-06,p1011291,2.0,546.0,2017.0,1.0,0,2,7.0,15934
c314144,2014-04-21,F,1957,경기도,군포시,59,59.0,215,1,2016-07-06,p1237811,1,8000,2016,7,113.0,1.0,2017-01-03,p1005771,1.0,1850.0,2017.0,1.0,0,2,6.0,68443
c360613,2015-10-05,M,1981,경기도,군포시,35,35.0,169,2,2016-11-15,p1005771,1,1850,2016,11,,,,,,,,,1,1,2.0,2850
c366888,2015-12-26,F,1977,경기도,김포시,39,39.0,157,1,2016-07-06,p1052661,1,1455,2016,7,267.0,1.0,2017-01-25,p1097821,1.0,909.0,2017.0,1.0,0,1,4.0,19540
c322766,2014-07-19,F,1980,경기도,김포시,36,36.0,125,2,2016-08-06,p1001771,1,3100,2016,8,35.0,4.0,2017-02-19,p1001771,1.0,2950.0,2017.0,2.0,0,2,8.0,24414
c344728,2015-04-01,F,1960,경기도,김포시,56,56.0,217,7,2016-12-02,p1097591,1,600,2016,12,29.0,2.0,2017-01-02,p1175481,1.0,1300.0,2017.0,1.0,0,1,2.0,48440
c351034,2015-06-09,F,1978,경기도,김포시,38,38.0,127,1,2016-07-14,p1097831,2,2636,2016,7,115.0,2.0,2017-03-06,p1144661,1.0,2500.0,2017.0,3.0,0,1,4.0,8655
c330325,2014-10-16,F,1976,경기도,김포시,40,40.0,165,1,2016-08-25,p1072601,2,9200,2016,8,141.0,6.0,2017-02-09,p1072601,2.0,9200.0,2017.0,2.0,0,2,1.0,10350
c384383,2016-07-19,F,1977,경기도,김포시,39,39.0,33,1,2016-08-30,p1175481,1,1300,2016,8,,,,,,,,,1,0,1.0,3950
c339083,2015-01-26,F,1979,경기도,김포시,37,37.0,21,1,2016-07-05,p1012751,1,1250,2016,7,103.0,1.0,2017-01-07,p1011291,2.0,546.0,2017.0,1.0,0,1,20.0,78722
c362929,2015-11-04,F,1984,경기도,김포시,32,32.0,159,2,2016-07-02,p1005891,2,3900,2016,7,83.0,1.0,2017-03-07,p1002841,1.0,11800.0,2017.0,3.0,0,1,3.0,19264
c325775,2014-08-25,F,1970,경기도,김포시,46,46.0,167,7,2016-07-13,p1237811,1,8000,2016,7,67.0,1.0,2017-03-23,p1030071,1.0,4800.0,2017.0,3.0,0,2,1.0,2000
c365376,2015-12-04,F,1962,경기도,김포시,54,54.0,105,1,2016-07-08,p1133371,3,3000,2016,7,145.0,1.0,2017-01-11,p1006411,3.0,3273.0,2017.0,1.0,0,1,4.0,16600
c389540,2016-09-29,F,1972,경기도,김포시,44,44.0,109,3,2016-09-29,p1175481,1,1300,2016,9,133.0,1.0,2017-02-21,p1175481,1.0,1300.0,2017.0,2.0,0,0,2.0,4800
c352238,2015-06-22,F,1981,경기도,남양주시,35,35.0,129,1,2016-10-14,p1162631,1,4600,2016,10,183.0,2.0,2017-02-20,p1089531,1.0,2500.0,2017.0,2.0,0,1,5.0,9554
c319782,2014-06-17,F,1949,경기도,남양주시,67,67.0,125,8,2016-07-15,p1256521,1,1850,2016,7,113.0,1.0,2017-02-04,p1012751,1.0,1850.0,2017.0,2.0,0,2,3.0,10150
c345572,2015-04-09,F,1978,경기도,남양주시,38,38.0,133,4,2016-09-09,p1005771,1,1850,2016,9,119.0,1.0,2017-01-12,p1178011,1.0,8800.0,2017.0,1.0,0,1,5.0,38505
c317471,2014-05-23,F,1985,경기도,남양주시,31,31.0,149,2,2016-07-01,p1149411,1,1000,2016,7,,,,,,,,,1,2,1.0,2450
c330770,2014-10-21,M,1968,경기도,남양주시,48,48.0,27,6,2016-12-24,p1194801,1,8370,2016,12,,,,,,,,,1,2,1.0,8370
c331082,2014-10-24,F,1980,경기도,남양주시,36,36.0,179,4,2016-07-07,p1001771,1,3600,2016,7,147.0,4.0,2017-01-20,p1178011,1.0,8800.0,2017.0,1.0,0,2,3.0,11900
c317345,2014-05-22,F,1988,경기도,남양주시,28,28.0,3,2,2016-07-02,p1005771,1,1850,2016,7,,,,,,,,,1,2,1.0,4150
c324615,2014-08-12,F,1983,경기도,남양주시,33,33.0,7,3,2016-07-01,p1013161,1,2950,2016,7,141.0,1.0,2017-01-02,p1072601,1.0,4200.0,2017.0,1.0,0,2,18.0,74699
c334322,2014-11-24,F,1981,경기도,남양주시,35,35.0,171,1,2016-07-20,p1175481,1,1300,2016,7,,,,,,,,,1,2,1.0,2250
c340690,2015-02-12,F,1956,경기도,남양주시,60,60.0,37,1,2016-08-02,p1175481,1,1300,2016,8,75.0,4.0,2017-01-15,p1175481,2.0,2600.0,2017.0,1.0,0,1,2.0,3900
c337558,2015-01-07,M,1977,경기도,부천시,39,39.0,201,1,2016-12-20,p1284851,1,2750,2016,12,183.0,1.0,2017-01-07,p1175481,1.0,1300.0,2017.0,1.0,0,1,3.0,28460
c385109,2016-07-29,F,1978,경기도,부천시,38,38.0,91,5,2016-08-31,p1026741,1,3227,2016,8,109.0,4.0,2017-01-25,p1089531,1.0,2500.0,2017.0,1.0,0,0,2.0,26150
c307671,2014-02-10,F,1974,경기도,부천시,42,42.0,67,1,2016-11-01,p1054261,1,2091,2016,11,33.0,2.0,2017-02-23,p1207951,1.0,5400.0,2017.0,2.0,0,2,1.0,2091
c345760,2015-04-12,F,1972,경기도,부천시,44,44.0,49,7,2016-08-21,p1233511,1,1900,2016,8,73.0,4.0,2017-01-08,p1012811,1.0,3250.0,2017.0,1.0,0,1,1.0,2950
c391637,2016-10-24,F,1973,경기도,부천시,43,43.0,169,1,2016-10-29,p1162631,3,9840,2016,10,,,,,,,,,1,0,7.0,34771
c356404,2015-08-14,F,1977,경기도,부천시,39,39.0,89,3,2016-10-02,p1005621,1,2900,2016,10,99.0,2.0,2017-01-03,p1233511,1.0,2400.0,2017.0,1.0,0,1,4.0,21750
c368106,2016-01-10,F,1980,경기도,부천시,36,36.0,57,5,2016-07-06,p1255281,2,2364,2016,7,49.0,4.0,2017-03-15,p1299491,1.0,2150.0,2017.0,3.0,0,0,1.0,8600
c306915,2014-01-29,F,1975,경기도,부천시,41,41.0,119,7,2016-07-01,p1052661,1,1455,2016,7,131.0,4.0,2017-01-09,p1012751,1.0,1850.0,2017.0,1.0,0,2,8.0,59250
c307480,2014-02-07,F,1979,경기도,부천시,37,37.0,9,8,2016-07-30,p1284851,1,2750,2016,7,195.0,2.0,2017-01-05,p1012761,1.0,1900.0,2017.0,1.0,0,2,4.0,22882
c362922,2015-11-04,F,1978,경기도,부천시,38,38.0,107,3,2016-07-22,p1012881,1,1600,2016,7,17.0,3.0,2017-01-07,p1005891,1.0,1950.0,2017.0,1.0,0,1,9.0,85092
c335309,2014-12-06,F,1974,경기도,부천시,42,42.0,149,4,2016-09-03,p1012761,1,1810,2016,9,161.0,2.0,2017-03-08,p1013161,1.0,2950.0,2017.0,3.0,0,2,1.0,3500
c352800,2015-06-28,F,1980,경기도,부천시,36,36.0,113,1,2016-07-12,p1246581,1,1136,2016,7,71.0,1.0,2017-01-13,p1211951,1.0,1800.0,2017.0,1.0,0,1,5.0,23040
c370258,2016-02-06,F,1976,경기도,부천시,40,40.0,209,6,2016-11-25,p1072601,1,4600,2016,11,,,,,,,,,1,0,2.0,6800
c314620,2014-04-25,F,1971,경기도,부천시,45,45.0,203,2,2016-08-08,p1005891,1,1950,2016,8,,,,,,,,,1,2,1.0,1000
c350918,2015-06-08,F,1968,경기도,부천시,48,48.0,53,1,2016-07-09,p1175481,1,1300,2016,7,,,,,,,,,1,1,3.0,22200
c395638,2016-12-18,F,1985,경기도,부천시,31,31.0,45,2,2016-12-21,p1052661,1,1455,2016,12,25.0,4.0,2017-01-04,p1299491,1.0,1950.0,2017.0,1.0,0,0,2.0,24802
c348181,2015-05-07,F,1972,경기도,부천시,44,44.0,123,3,2016-08-22,p1119071,3,3000,2016,8,167.0,1.0,2017-02-03,p1011291,1.0,273.0,2017.0,2.0,0,1,4.0,53973
c385436,2016-08-03,F,1981,경기도,부천시,35,35.0,129,1,2016-08-03,p1175481,1,1170,2016,8,113.0,8.0,2017-03-18,p1175481,1.0,1300.0,2017.0,3.0,0,0,1.0,1850
c317556,2014-05-24,F,1981,경기도,부천시,35,35.0,49,3,2016-08-08,p1175481,1,1300,2016,8,127.0,3.0,2017-01-09,p1284851,1.0,2750.0,2017.0,1.0,0,2,2.0,15077
c364899,2015-11-28,F,1969,경기도,부천시,47,47.0,181,2,2016-07-25,p1030071,1,2050,2016,7,191.0,4.0,2017-01-23,p1178011,1.0,8800.0,2017.0,1.0,0,1,1.0,4400
c372461,2016-03-08,F,1986,경기도,부천시,30,30.0,223,6,2016-07-12,p1097821,1,909,2016,7,21.0,1.0,2017-01-07,p1052661,1.0,1545.0,2017.0,1.0,0,0,8.0,78608
c394161,2016-11-25,F,1959,경기도,부천시,57,57.0,51,1,2016-11-25,p1178011,1,8800,2016,11,345.0,1.0,2017-01-26,p1207281,1.0,3300.0,2017.0,1.0,0,0,2.0,13550
c305675,2014-01-11,F,1975,경기도,부천시,41,41.0,163,2,2016-10-17,p1162631,1,4600,2016,10,,,,,,,,,1,2,2.0,6500
c346490,2015-04-20,F,1979,경기도,부천시,37,37.0,123,2,2016-07-30,p1052661,1,1455,2016,7,,,,,,,,,1,1,1.0,1091
c362367,2015-10-28,F,1979,경기도,부천시,37,37.0,161,1,2016-10-12,p1072601,1,4600,2016,10,,,,,,,,,1,1,1.0,4600
c319464,2014-06-13,F,1983,경기도,부천시,33,33.0,145,1,2016-08-22,p1284851,1,2750,2016,8,177.0,6.0,2017-01-27,p1012581,1.0,1050.0,2017.0,1.0,0,2,1.0,4805
c366892,2015-12-26,F,1952,경기도,부천시,64,64.0,3,5,2016-07-16,p1233511,1,1900,2016,7,101.0,4.0,2017-03-13,p1005891,2.0,3900.0,2017.0,3.0,0,1,2.0,9080
c318713,2014-06-05,F,1983,경기도,부천시,33,33.0,177,1,2016-09-21,p1012751,1,1500,2016,9,81.0,1.0,2017-01-07,p1284851,1.0,2750.0,2017.0,1.0,0,2,4.0,23754
c349924,2015-05-28,F,1969,경기도,성남시,47,47.0,91,5,2016-07-26,p1246581,1,1136,2016,7,105.0,6.0,2017-03-10,p1149401,1.0,818.0,2017.0,3.0,0,1,5.0,23715
c343734,2015-03-23,F,1972,경기도,성남시,44,44.0,27,2,2016-07-07,p1030071,1,2450,2016,7,57.0,6.0,2017-01-03,p1127201,1.0,3727.0,2017.0,1.0,0,1,2.0,7056
c394790,2016-12-05,F,1975,경기도,성남시,41,41.0,91,4,2016-12-11,p1256521,1,1850,2016,12,,,,,,,,,1,0,1.0,1850
c323642,2014-07-30,F,1976,경기도,성남시,40,40.0,39,3,2016-10-13,p1006411,1,1091,2016,10,27.0,1.0,2017-01-19,p1175481,1.0,1300.0,2017.0,1.0,0,2,1.0,1091
c360039,2015-09-25,F,1977,경기도,성남시,39,39.0,95,5,2016-10-13,p1097831,2,2910,2016,10,,,,,,,,,1,1,3.0,20516
c318849,2014-06-07,F,1980,경기도,성남시,36,36.0,125,1,2016-07-06,p1001771,3,10800,2016,7,39.0,3.0,2017-01-03,p1012751,1.0,1850.0,2017.0,1.0,0,2,14.0,37639
c394131,2016-11-24,F,1959,경기도,성남시,57,57.0,119,3,2016-11-24,p1005891,1,1950,2016,11,125.0,1.0,2017-01-03,p1012751,1.0,1850.0,2017.0,1.0,0,0,2.0,6770
c305065,2014-01-03,F,1967,경기도,성남시,49,49.0,63,1,2016-09-08,p1012751,1,1500,2016,9,47.0,2.0,2017-03-08,p1030071,1.0,4800.0,2017.0,3.0,0,2,1.0,1818
c352730,2015-06-26,F,1971,경기도,성남시,45,45.0,39,1,2016-07-04,p1144371,1,1250,2016,7,21.0,2.0,2017-01-05,p1012951,1.0,2550.0,2017.0,1.0,0,1,19.0,87601
c365956,2015-12-12,F,1961,경기도,성남시,55,55.0,207,1,2016-07-14,p1284851,1,2750,2016,7,123.0,1.0,2017-01-12,p1179241,1.0,1900.0,2017.0,1.0,0,1,6.0,43059
c317550,2014-05-24,F,1965,경기도,성남시,51,51.0,81,2,2016-07-08,p1100371,1,400,2016,7,113.0,4.0,2017-03-04,p1175481,1.0,1300.0,2017.0,3.0,0,2,1.0,600
c360455,2015-10-03,F,1969,경기도,성남시,47,47.0,199,2,2016-07-06,p1097821,1,1000,2016,7,181.0,3.0,2017-01-06,p1012751,1.0,1850.0,2017.0,1.0,0,1,10.0,45530
c325075,2014-08-18,F,1969,경기도,성남시,47,47.0,163,3,2016-10-28,p1162631,1,3690,2016,10,3.0,2.0,2017-03-05,p1175481,1.0,1300.0,2017.0,3.0,0,2,1.0,3690
c357383,2015-08-26,F,1978,경기도,수원시,38,38.0,75,3,2016-07-04,p1133371,2,2000,2016,7,27.0,7.0,2017-03-23,p1005771,1.0,1850.0,2017.0,3.0,0,1,1.0,10800
c372059,2016-03-03,F,1986,경기도,수원시,30,30.0,135,8,2016-11-19,p1100371,4,1600,2016,11,67.0,1.0,2017-03-05,p1100371,2.0,800.0,2017.0,3.0,0,0,1.0,1600
c305406,2014-01-07,F,1970,경기도,수원시,46,46.0,137,3,2016-07-19,p1012761,1,1900,2016,7,141.0,1.0,2017-01-18,p1233511,1.0,2400.0,2017.0,1.0,0,2,3.0,12650
c319857,2014-06-18,F,1980,경기도,수원시,36,36.0,11,3,2016-07-07,p1097591,1,600,2016,7,25.0,3.0,2017-03-06,p1012751,1.0,1850.0,2017.0,3.0,0,2,7.0,11950
c368084,2016-01-10,M,1983,경기도,수원시,33,33.0,57,3,2016-07-31,p1012751,1,1250,2016,7,37.0,9.0,2017-03-11,p1012761,1.0,1900.0,2017.0,3.0,0,0,7.0,129560
c310515,2014-03-12,F,1976,경기도,수원시,40,40.0,97,1,2016-07-23,p1030071,1,2050,2016,7,65.0,1.0,2017-01-27,p1012751,1.0,1850.0,2017.0,1.0,0,2,1.0,11850
c365676,2015-12-09,M,1976,경기도,수원시,40,40.0,231,3,2016-07-15,p1097821,1,909,2016,7,157.0,2.0,2017-01-14,p1012811,1.0,3250.0,2017.0,1.0,0,1,10.0,39073
c376203,2016-04-17,F,1978,경기도,시흥시,38,38.0,29,1,2016-07-22,p1052661,2,2910,2016,7,139.0,9.0,2017-01-13,p1119071,1.0,1091.0,2017.0,1.0,0,0,2.0,700
c389635,2016-09-30,F,1991,경기도,시흥시,25,25.0,221,2,2016-09-30,p1100371,1,400,2016,9,,,,,,,,,1,0,3.0,11199
c354639,2015-07-20,F,1968,경기도,시흥시,48,48.0,63,1,2016-09-26,p1012751,1,1500,2016,9,43.0,2.0,2017-03-06,p1127201,1.0,3727.0,2017.0,3.0,0,1,2.0,5627
c307527,2014-02-08,F,1979,경기도,시흥시,37,37.0,15,1,2016-07-08,p1097821,1,1000,2016,7,45.0,1.0,2017-01-12,p1284851,1.0,2750.0,2017.0,1.0,0,2,5.0,20660
c344309,2015-03-28,F,1967,경기도,시흥시,49,49.0,95,2,2016-08-06,p1006281,1,864,2016,8,145.0,1.0,2017-01-12,p1006411,1.0,1091.0,2017.0,1.0,0,1,4.0,5055
c306678,2014-01-25,F,1972,경기도,시흥시,44,44.0,73,2,2016-07-09,p1162631,1,4600,2016,7,11.0,1.0,2017-01-16,p1159481,1.0,2200.0,2017.0,1.0,0,2,1.0,2100
c378333,2016-05-12,F,1976,경기도,시흥시,40,40.0,133,6,2016-08-03,p1005771,1,1850,2016,8,61.0,3.0,2017-02-15,p1233511,1.0,2600.0,2017.0,2.0,0,0,1.0,1300
c383761,2016-07-12,F,1979,경기도,시흥시,37,37.0,67,12,2016-08-14,p1054261,1,2091,2016,8,143.0,1.0,2017-03-30,p1201601,1.0,2100.0,2017.0,3.0,0,0,3.0,22644
c321748,2014-07-09,F,1976,경기도,안산시,40,40.0,133,2,2016-07-03,p1005771,1,1850,2016,7,183.0,1.0,2017-01-05,p1284851,2.0,5500.0,2017.0,1.0,0,2,15.0,93157
c312668,2014-04-05,F,1972,경기도,안산시,44,44.0,95,1,2016-07-21,p1234751,1,909,2016,7,,,,,,,,,1,2,3.0,18110
c348103,2015-05-07,F,1979,경기도,안산시,37,37.0,141,1,2016-10-22,p1133371,1,1000,2016,10,,,,,,,,,1,1,1.0,3227
c387273,2016-08-29,F,1983,경기도,안산시,33,33.0,53,2,2016-10-20,p1175481,1,1300,2016,10,95.0,2.0,2017-01-18,p1005771,1.0,1850.0,2017.0,1.0,0,0,2.0,7000
c350776,2015-06-06,F,1983,경기도,안산시,33,33.0,81,4,2016-07-10,p1097591,1,600,2016,7,103.0,8.0,2017-01-08,p1256521,1.0,1650.0,2017.0,1.0,0,1,15.0,65708
c366686,2015-12-23,F,1981,경기도,안산시,35,35.0,213,5,2016-09-30,p1119071,1,1091,2016,9,67.0,1.0,2017-02-15,p1119071,2.0,2182.0,2017.0,2.0,0,1,1.0,5545
c317422,2014-05-23,F,1980,경기도,안산시,36,36.0,55,3,2016-08-24,p1005771,1,1850,2016,8,121.0,1.0,2017-01-21,p1005891,1.0,1950.0,2017.0,1.0,0,2,1.0,1455
c392240,2016-10-31,F,1988,경기도,안산시,28,28.0,229,4,2016-10-31,p1072601,1,4600,2016,10,107.0,3.0,2017-03-03,p1139701,1.0,1045.0,2017.0,3.0,0,0,2.0,5750
c352409,2015-06-23,F,1985,경기도,안산시,31,31.0,195,2,2016-07-13,p1175481,1,1300,2016,7,115.0,1.0,2017-03-02,p1036481,1.0,1050.0,2017.0,3.0,0,1,1.0,2000
c369369,2016-01-25,F,1968,경기도,안산시,48,48.0,123,13,2016-10-06,p1012951,4,7400,2016,10,145.0,1.0,2017-03-07,p1175481,3.0,3900.0,2017.0,3.0,0,0,12.0,96250
c325792,2014-08-26,F,1964,경기도,안산시,52,52.0,157,5,2016-08-25,p1005771,1,1850,2016,8,139.0,7.0,2017-01-09,p1175481,1.0,1300.0,2017.0,1.0,0,2,1.0,3150
c327775,2014-09-21,M,1955,경기도,안성시,61,61.0,113,1,2016-07-26,p1127201,2,7454,2016,7,25.0,6.0,2017-02-16,p1207281,1.0,3300.0,2017.0,2.0,0,2,1.0,1300
c368315,2016-01-12,M,1987,경기도,안성시,29,29.0,59,2,2016-10-11,p1052661,1,1455,2016,10,,,,,,,,,1,0,2.0,9741
c338921,2015-01-23,F,1958,경기도,안성시,58,58.0,177,1,2016-07-05,p1162631,1,4600,2016,7,151.0,1.0,2017-01-12,p1284851,1.0,2750.0,2017.0,1.0,0,1,3.0,12009
c328823,2014-10-01,F,1982,경기도,안성시,34,34.0,133,1,2016-07-10,p1012751,1,1250,2016,7,215.0,7.0,2017-01-02,p1005771,2.0,3700.0,2017.0,1.0,0,2,7.0,32998
c317700,2014-05-26,F,1978,경기도,안성시,38,38.0,35,1,2016-09-20,p1013161,1,2950,2016,9,71.0,1.0,2017-02-02,p1233511,1.0,2400.0,2017.0,2.0,0,2,2.0,12800
c329288,2014-10-06,F,1978,경기도,안성시,38,38.0,23,5,2016-07-03,p1162631,1,4600,2016,7,,,,,,,,,1,2,3.0,18450
c325765,2014-08-25,F,1979,경기도,안성시,37,37.0,137,6,2016-09-06,p1256521,2,3300,2016,9,,,,,,,,,1,2,1.0,5377
c304973,2014-01-02,F,1983,경기도,안성시,33,33.0,21,1,2016-07-14,p1005621,1,2900,2016,7,133.0,1.0,2017-01-19,p1005891,2.0,3900.0,2017.0,1.0,0,2,1.0,16900
c362980,2015-11-04,F,1985,경기도,안성시,31,31.0,23,1,2016-08-01,p1246581,2,2272,2016,8,109.0,2.0,2017-03-18,p1005891,1.0,1950.0,2017.0,3.0,0,1,1.0,20677
c366188,2015-12-15,F,1992,경기도,안성시,24,24.0,175,4,2016-07-05,p1011291,3,819,2016,7,105.0,3.0,2017-02-10,p1127201,1.0,3727.0,2017.0,2.0,0,1,2.0,6100
c344237,2015-03-27,F,1970,경기도,안성시,46,46.0,39,5,2016-11-30,p1012761,-1,-1900,2016,11,105.0,4.0,2017-02-17,p1005891,1.0,1950.0,2017.0,2.0,0,1,3.0,2750
c313364,2014-04-13,M,1983,경기도,안성시,33,33.0,185,1,2016-08-31,p1284851,1,2750,2016,8,,,,,,,,,1,2,5.0,11864
c367704,2016-01-06,F,1968,경기도,안성시,48,48.0,123,2,2016-09-22,p1256521,1,1850,2016,9,,,,,,,,,1,0,1.0,6550
c336644,2014-12-25,F,1980,경기도,안성시,36,36.0,233,2,2016-08-01,p1235451,1,1227,2016,8,155.0,1.0,2017-01-02,p1012761,2.0,3800.0,2017.0,1.0,0,2,6.0,24200
c366614,2015-12-22,F,1982,경기도,안성시,34,34.0,117,3,2016-07-12,p1175481,1,1300,2016,7,85.0,2.0,2017-01-03,p1194801,1.0,8370.0,2017.0,1.0,0,1,1.0,5001
c349783,2015-05-26,F,1973,경기도,안성시,43,43.0,59,1,2016-07-01,p1005891,2,3900,2016,7,121.0,1.0,2017-02-05,p1299491,1.0,2050.0,2017.0,2.0,0,1,2.0,7800
c317725,2014-05-26,F,1976,경기도,안성시,40,40.0,121,2,2016-07-04,p1052661,1,1455,2016,7,131.0,2.0,2017-01-02,p1179241,1.0,1750.0,2017.0,1.0,0,2,8.0,37280
c343594,2015-03-20,F,1984,경기도,안성시,32,32.0,37,1,2016-07-19,p1133371,2,2000,2016,7,97.0,1.0,2017-01-13,p1194801,1.0,8400.0,2017.0,1.0,0,1,1.0,8800
c393550,2016-11-16,F,1971,경기도,안성시,45,45.0,73,5,2016-11-23,p1097821,1,1000,2016,11,57.0,1.0,2017-03-30,p1100371,4.0,1600.0,2017.0,3.0,0,0,2.0,3811
c388454,2016-09-13,F,1969,경기도,안성시,47,47.0,49,1,2016-10-16,p1052661,1,1455,2016,10,129.0,2.0,2017-01-14,p1133371,1.0,1000.0,2017.0,1.0,0,0,3.0,6278
c359801,2015-09-22,F,1974,경기도,안성시,42,42.0,75,5,2016-07-25,p1001771,1,3600,2016,7,91.0,2.0,2017-03-01,p1207281,1.0,3300.0,2017.0,3.0,0,1,4.0,8620
c315666,2014-05-08,F,1980,경기도,안성시,36,36.0,185,2,2016-08-01,p1054261,1,2091,2016,8,119.0,1.0,2017-01-13,p1011291,3.0,819.0,2017.0,1.0,0,2,4.0,5911
c330499,2014-10-18,F,1969,경기도,안성시,47,47.0,71,2,2016-07-23,p1072601,1,4600,2016,7,107.0,1.0,2017-03-26,p1097821,2.0,2000.0,2017.0,3.0,0,2,5.0,10270
c347991,2015-05-06,F,1975,경기도,안성시,41,41.0,119,1,2016-07-04,p1284851,1,2750,2016,7,143.0,4.0,2017-01-02,p1194801,1.0,9300.0,2017.0,1.0,0,1,16.0,69296
c358319,2015-09-04,F,1982,경기도,안성시,34,34.0,223,2,2016-07-19,p1030071,1,2050,2016,7,47.0,3.0,2017-01-18,p1284851,1.0,2750.0,2017.0,1.0,0,1,3.0,13845
c309712,2014-03-04,F,1971,경기도,안성시,45,45.0,207,3,2016-11-15,p1256521,1,1850,2016,11,181.0,1.0,2017-03-23,p1175481,1.0,1300.0,2017.0,3.0,0,2,1.0,10650
c342362,2015-03-06,F,1971,경기도,안성시,45,45.0,209,1,2016-11-01,p1178011,1,8800,2016,11,,,,,,,,,1,1,2.0,22200
c389630,2016-09-30,F,1970,경기도,안성시,46,46.0,25,2,2016-10-01,p1162631,1,3680,2016,10,,,,,,,,,1,0,1.0,7130
c314875,2014-04-28,F,1972,경기도,안성시,44,44.0,235,1,2016-09-05,p1089531,1,2000,2016,9,177.0,1.0,2017-01-12,p1002841,1.0,15800.0,2017.0,1.0,0,2,3.0,20838
c317750,2014-05-26,F,1979,경기도,안성시,37,37.0,65,1,2016-12-26,p1211951,1,2000,2016,12,,,,,,,,,1,2,1.0,5950
c317003,2014-05-20,F,1978,경기도,안성시,38,38.0,135,1,2016-07-18,p1152861,2,2182,2016,7,147.0,1.0,2017-02-22,p1052661,2.0,3090.0,2017.0,2.0,0,2,3.0,9084
c328839,2014-10-02,F,1978,경기도,안양시,38,38.0,59,7,2016-11-07,p1097591,1,600,2016,11,25.0,6.0,2017-01-02,p1255281,1.0,1182.0,2017.0,1.0,0,2,8.0,37738
c310506,2014-03-12,M,1972,경기도,안양시,44,44.0,181,1,2016-08-11,p1030071,1,2500,2016,8,135.0,2.0,2017-01-10,p1194801,1.0,8400.0,2017.0,1.0,0,2,3.0,32600
c331473,2014-10-28,F,1971,경기도,안양시,45,45.0,93,2,2016-08-19,p1235451,1,1091,2016,8,135.0,1.0,2017-02-13,p1002841,1.0,13100.0,2017.0,2.0,0,2,1.0,3300
c357740,2015-08-28,F,1981,경기도,안양시,35,35.0,65,1,2016-07-04,p1284851,1,2750,2016,7,127.0,5.0,2017-01-04,p1012761,1.0,1900.0,2017.0,1.0,0,1,5.0,21450
c382028,2016-06-22,F,1963,경기도,안양시,53,53.0,53,2,2016-10-06,p1013251,1,2500,2016,10,11.0,1.0,2017-02-09,p1072601,1.0,4600.0,2017.0,2.0,0,0,2.0,5450
c395401,2016-12-14,F,1964,경기도,안양시,52,52.0,49,1,2016-12-19,p1284851,2,5500,2016,12,39.0,1.0,2017-02-20,p1012811,1.0,3250.0,2017.0,2.0,0,0,2.0,9114
c351875,2015-06-17,F,1981,경기도,안양시,35,35.0,83,1,2016-12-21,p1012751,1,1480,2016,12,,,,,,,,,1,1,1.0,1480
c307471,2014-02-07,F,1956,경기도,안양시,60,60.0,67,4,2016-07-07,p1005891,5,9750,2016,7,133.0,1.0,2017-01-13,p1012581,2.0,2100.0,2017.0,1.0,0,2,3.0,42400
c318568,2014-06-04,F,1950,경기도,안양시,66,66.0,215,1,2016-10-20,p1005771,1,1850,2016,10,,,,,,,,,1,2,1.0,1850
c355007,2015-07-25,F,1985,경기도,안양시,31,31.0,69,1,2016-09-20,p1133371,2,2000,2016,9,,,,,,,,,1,1,1.0,900
c340285,2015-02-06,F,1986,경기도,안양시,30,30.0,137,1,2016-07-16,p1012951,1,1200,2016,7,113.0,2.0,2017-01-14,p1284851,1.0,2750.0,2017.0,1.0,0,1,2.0,11250
c385300,2016-08-01,F,1969,경기도,안양시,47,47.0,117,8,2016-08-01,p1284851,1,2511,2016,8,145.0,2.0,2017-01-10,p1284851,1.0,2750.0,2017.0,1.0,0,0,16.0,66188
c308113,2014-02-14,F,1958,경기도,안양시,58,58.0,91,2,2016-08-08,p1005771,3,5550,2016,8,,,,,,,,,1,2,1.0,1950
c339401,2015-01-29,F,1970,경기도,안양시,46,46.0,45,2,2016-09-11,p1144371,1,1650,2016,9,49.0,2.0,2017-01-13,p1012751,1.0,1850.0,2017.0,1.0,0,1,1.0,1850
c322763,2014-07-19,F,1982,경기도,안양시,34,34.0,71,1,2016-08-09,p1012641,1,1650,2016,8,111.0,4.0,2017-02-27,p1179241,1.0,2200.0,2017.0,2.0,0,2,3.0,7073
c350428,2015-06-02,F,1987,경기도,안양시,29,29.0,229,1,2016-11-07,p1089531,1,2000,2016,11,,,,,,,,,1,1,1.0,3450
c366582,2015-12-22,F,1984,경기도,안양시,32,32.0,17,1,2016-11-30,p1100371,1,400,2016,11,169.0,3.0,2017-01-18,p1139701,1.0,1045.0,2017.0,1.0,0,1,4.0,4770
c360040,2015-09-25,F,1975,경기도,안양시,41,41.0,333,8,2016-09-12,p1005891,1,1950,2016,9,,,,,,,,,1,1,2.0,12890
c314698,2014-04-25,F,1975,경기도,양평군,41,41.0,99,2,2016-08-05,p1149391,1,909,2016,8,135.0,3.0,2017-02-07,p1175481,1.0,1300.0,2017.0,2.0,0,2,3.0,4214
c333221,2014-11-12,F,1971,경기도,양평군,45,45.0,91,3,2016-11-08,p1178011,1,8800,2016,11,87.0,2.0,2017-01-06,p1175481,1.0,1300.0,2017.0,1.0,0,2,2.0,17600
c357553,2015-08-27,F,1962,경기도,양평군,54,54.0,29,4,2016-08-03,p1012761,1,1900,2016,8,61.0,2.0,2017-01-03,p1072601,1.0,4200.0,2017.0,1.0,0,1,2.0,17175
c374212,2016-03-25,F,1963,경기도,양평군,53,53.0,161,1,2016-10-17,p1175481,1,1300,2016,10,,,,,,,,,1,0,1.0,1300
c366063,2015-12-14,F,1970,경기도,용인시,46,46.0,105,2,2016-11-19,p1005891,1,1950,2016,11,,,,,,,,,1,1,1.0,10750
c345211,2015-04-06,F,1976,경기도,용인시,40,40.0,37,1,2016-08-09,p1100371,-4,-1600,2016,8,159.0,1.0,2017-03-01,p1127201,1.0,3727.0,2017.0,3.0,0,1,2.0,1600
c345378,2015-04-08,F,1979,경기도,용인시,37,37.0,149,2,2016-09-22,p1127201,1,3727,2016,9,51.0,1.0,2017-02-19,p1284851,2.0,5500.0,2017.0,2.0,0,1,1.0,21604
c385913,2016-08-10,F,1976,경기도,용인시,40,40.0,31,5,2016-11-02,p1175481,1,1300,2016,11,,,,,,,,,1,0,1.0,5250
c353769,2015-07-09,F,1974,경기도,용인시,42,42.0,71,4,2016-11-04,p1012751,1,1350,2016,11,,,,,,,,,1,1,1.0,7150
c324617,2014-08-12,F,1973,경기도,용인시,43,43.0,173,1,2016-10-07,p1133371,1,1000,2016,10,97.0,7.0,2017-01-21,p1175481,1.0,1300.0,2017.0,1.0,0,2,3.0,7305
c330165,2014-10-15,F,1963,경기도,용인시,53,53.0,185,1,2016-07-12,p1072601,1,4600,2016,7,111.0,3.0,2017-01-12,p1072601,1.0,4600.0,2017.0,1.0,0,2,3.0,13400
c353616,2015-07-07,F,1986,경기도,용인시,30,30.0,49,1,2016-07-07,p1012751,1,1250,2016,7,107.0,4.0,2017-01-20,p1005621,1.0,2900.0,2017.0,1.0,0,1,6.0,28877
c373441,2016-03-17,F,1977,경기도,용인시,39,39.0,111,3,2016-07-01,p1030071,1,2450,2016,7,107.0,7.0,2017-01-07,p1194801,1.0,9300.0,2017.0,1.0,0,0,3.0,17491
c385993,2016-08-12,F,1970,경기도,용인시,46,46.0,31,3,2016-10-06,p1175481,1,1300,2016,10,,,,,,,,,1,0,2.0,8330
c363971,2015-11-17,F,1979,경기도,용인시,37,37.0,55,2,2016-11-13,p1175481,1,1150,2016,11,,,,,,,,,1,1,1.0,1150
c381717,2016-06-19,F,1980,경기도,용인시,36,36.0,15,1,2016-07-07,p1012761,1,1900,2016,7,,,,,,,,,1,0,1.0,1900
c318047,2014-05-29,F,1974,경기도,용인시,42,42.0,11,4,2016-07-12,p1012581,2,2100,2016,7,,,,,,,,,1,2,1.0,1300
c366873,2015-12-26,F,1964,경기도,용인시,52,52.0,45,2,2016-07-06,p1237811,1,8000,2016,7,75.0,4.0,2017-01-11,p1194801,2.0,16800.0,2017.0,1.0,0,1,1.0,1950
c371569,2016-02-26,F,1978,경기도,용인시,38,38.0,103,3,2016-09-02,p1256521,1,1660,2016,9,123.0,7.0,2017-01-16,p1175481,1.0,1300.0,2017.0,1.0,0,0,3.0,16860
c312280,2014-04-01,F,1979,경기도,용인시,37,37.0,91,2,2016-07-07,p1159481,-1,-1650,2016,7,73.0,3.0,2017-01-16,p1211951,1.0,1800.0,2017.0,1.0,0,2,11.0,55690
c315433,2014-05-06,F,1965,경기도,용인시,51,51.0,163,13,2016-07-28,p1175481,1,1300,2016,7,51.0,3.0,2017-02-06,p1207281,1.0,3300.0,2017.0,2.0,0,2,7.0,40850
c350980,2015-06-09,F,1982,경기도,용인시,34,34.0,49,6,2016-10-21,p1284851,1,2750,2016,10,201.0,1.0,2017-01-03,p1194801,1.0,8370.0,2017.0,1.0,0,1,3.0,6600
c364016,2015-11-18,F,1957,경기도,용인시,59,59.0,77,2,2016-08-20,p1175481,2,2600,2016,8,43.0,3.0,2017-02-10,p1233511,1.0,2600.0,2017.0,2.0,0,1,2.0,13600
c315780,2014-05-09,F,1972,경기도,용인시,44,44.0,183,2,2016-07-08,p1237811,2,13600,2016,7,15.0,1.0,2017-01-24,p1284851,1.0,2750.0,2017.0,1.0,0,2,10.0,24981
c394007,2016-11-23,F,1970,경기도,용인시,46,46.0,165,2,2016-12-31,p1097821,1,1000,2016,12,,,,,,,,,1,0,1.0,1000
c342823,2015-03-12,F,1977,경기도,용인시,39,39.0,87,2,2016-07-04,p1200641,1,5200,2016,7,,,,,,,,,1,1,1.0,6150
c327488,2014-09-17,F,1980,경기도,용인시,36,36.0,175,2,2016-07-08,p1211951,1,1700,2016,7,79.0,1.0,2017-01-06,p1072601,2.0,8400.0,2017.0,1.0,0,2,16.0,59777
c364087,2015-11-19,F,1980,경기도,용인시,36,36.0,83,7,2016-08-05,p1012951,1,1400,2016,8,179.0,5.0,2017-01-02,p1127201,1.0,3727.0,2017.0,1.0,0,1,10.0,31236
c376722,2016-04-22,F,1985,경기도,용인시,31,31.0,133,4,2016-08-01,p1012951,1,1400,2016,8,203.0,3.0,2017-01-25,p1211951,1.0,1800.0,2017.0,1.0,0,0,2.0,2500
c340631,2015-02-11,F,1984,경기도,용인시,32,32.0,59,1,2016-07-06,p1246581,1,1136,2016,7,115.0,1.0,2017-01-22,p1072601,1.0,4200.0,2017.0,1.0,0,1,5.0,11668
c357756,2015-08-28,M,1978,경기도,용인시,38,38.0,113,4,2016-07-02,p1200641,1,5200,2016,7,,,,,,,,,1,1,2.0,3032
c309707,2014-03-04,F,1979,경기도,용인시,37,37.0,29,4,2016-12-03,p1030071,1,4700,2016,12,55.0,1.0,2017-03-13,p1194801,1.0,5600.0,2017.0,3.0,0,2,2.0,10750
c335766,2014-12-12,F,1983,경기도,의왕시,33,33.0,229,2,2016-10-19,p1097821,1,909,2016,10,,,,,,,,,1,2,1.0,3545
c339129,2015-01-26,M,1988,경기도,의왕시,28,28.0,83,3,2016-07-31,p1030071,1,2050,2016,7,65.0,6.0,2017-01-03,p1012761,1.0,1900.0,2017.0,1.0,0,1,3.0,47277
c345371,2015-04-07,F,1973,경기도,의왕시,43,43.0,131,1,2016-07-27,p1152861,2,2182,2016,7,203.0,3.0,2017-01-04,p1139681,1.0,909.0,2017.0,1.0,0,1,15.0,114011
c309111,2014-02-26,F,1976,경기도,의왕시,40,40.0,117,2,2016-08-28,p1162631,1,4600,2016,8,129.0,2.0,2017-01-04,p1072601,1.0,4200.0,2017.0,1.0,0,2,3.0,13680
c346882,2015-04-23,F,1967,경기도,의왕시,49,49.0,33,5,2016-07-13,p1256521,2,3700,2016,7,63.0,2.0,2017-03-31,p1256521,1.0,1850.0,2017.0,3.0,0,1,1.0,11650
c385994,2016-08-12,F,1977,경기도,의왕시,39,39.0,19,2,2016-09-10,p1097821,1,909,2016,9,117.0,1.0,2017-01-16,p1097821,3.0,2727.0,2017.0,1.0,0,0,1.0,2728
c342774,2015-03-11,F,1973,경기도,의정부시,43,43.0,213,1,2016-07-06,p1235451,1,1227,2016,7,235.0,8.0,2017-01-04,p1127201,1.0,3727.0,2017.0,1.0,0,1,8.0,150184
c341675,2015-02-28,F,1986,경기도,파주시,30,30.0,51,2,2016-07-06,p1012951,1,1200,2016,7,,,,,,,,,1,1,1.0,7500
c352850,2015-06-29,F,1982,경기도,파주시,34,34.0,19,1,2016-10-11,p1211951,1,2500,2016,10,,,,,,,,,1,1,1.0,4450
c345428,2015-04-08,F,1960,경기도,파주시,56,56.0,109,4,2016-12-26,p1127201,1,3727,2016,12,,,,,,,,,1,1,1.0,3727
c335135,2014-12-04,F,1969,경기도,파주시,47,47.0,85,1,2016-08-10,p1175481,1,1300,2016,8,127.0,1.0,2017-01-03,p1256521,1.0,1650.0,2017.0,1.0,0,2,7.0,64559
c344952,2015-04-03,F,1970,경기도,파주시,46,46.0,87,2,2016-08-03,p1149381,1,1182,2016,8,65.0,1.0,2017-01-04,p1299491,1.0,1950.0,2017.0,1.0,0,1,2.0,15650
c318585,2014-06-04,F,1977,경기도,파주시,39,39.0,61,4,2016-07-29,p1005771,1,1850,2016,7,125.0,1.0,2017-01-13,p1005621,1.0,2900.0,2017.0,1.0,0,2,4.0,12955
c377969,2016-05-07,M,1956,경기도,평택시,60,60.0,89,1,2016-07-31,p1144371,1,1500,2016,7,7.0,1.0,2017-03-19,p1005891,1.0,1950.0,2017.0,3.0,0,0,2.0,8050
c396022,2016-12-23,F,1983,경기도,평택시,33,33.0,225,9,2016-12-23,p1052661,1,1455,2016,12,53.0,3.0,2017-01-07,p1194801,1.0,9300.0,2017.0,1.0,0,0,1.0,7955
c357165,2015-08-24,F,1972,경기도,하남시,44,44.0,115,2,2016-07-13,p1052661,2,2636,2016,7,133.0,2.0,2017-01-13,p1052661,1.0,1545.0,2017.0,1.0,0,1,1.0,1545
c350577,2015-06-04,F,1967,경기도,하남시,49,49.0,121,4,2016-07-20,p1036481,2,2100,2016,7,25.0,7.0,2017-03-14,p1052661,1.0,1545.0,2017.0,3.0,0,1,3.0,10000
c369132,2016-01-22,F,1971,경기도,하남시,45,45.0,45,4,2016-07-13,p1054261,1,1864,2016,7,231.0,3.0,2017-02-09,p1002841,1.0,14500.0,2017.0,2.0,0,0,4.0,21947
c335053,2014-12-03,F,1977,경기도,화성시,39,39.0,45,10,2016-07-10,p1127201,1,3727,2016,7,73.0,4.0,2017-01-03,p1072601,1.0,4200.0,2017.0,1.0,0,2,18.0,127590
c347501,2015-04-29,F,1975,광주광역시,광산구,41,41.0,37,5,2016-08-18,p1089531,1,2000,2016,8,,,,,,,,,1,1,2.0,1855
c383085,2016-07-03,F,1960,광주광역시,광산구,56,56.0,107,1,2016-07-20,p1072601,1,4600,2016,7,77.0,2.0,2017-02-19,p1097821,1.0,1000.0,2017.0,2.0,0,0,2.0,6050
c395673,2016-12-19,F,1972,대구광역시,북구,44,44.0,41,5,2016-12-19,p1030071,1,4200,2016,12,71.0,4.0,2017-01-20,p1002841,1.0,14500.0,2017.0,1.0,0,0,1.0,4200
c336439,2014-12-23,F,1980,서울특별시,관악구,36,36.0,101,3,2016-07-04,p1013161,1,2950,2016,7,153.0,3.0,2017-01-05,p1175481,1.0,1300.0,2017.0,1.0,0,2,11.0,41881
c341209,2015-02-23,M,1944,서울특별시,도봉구,72,72.0,267,6,2016-07-18,p1012881,1,1600,2016,7,175.0,2.0,2017-03-14,p1178011,1.0,8800.0,2017.0,3.0,0,1,5.0,50485
c339526,2015-01-30,M,1984,서울특별시,동작구,32,32.0,175,2,2016-09-03,p1284851,1,2470,2016,9,,,,,,,,,1,1,1.0,8000
c331210,2014-10-25,M,1971,서울특별시,동작구,45,45.0,85,3,2016-10-08,p1012751,1,1500,2016,10,,,,,,,,,1,2,1.0,2955
c305733,2014-01-12,F,1975,서울특별시,성북구,41,41.0,145,2,2016-08-10,p1144371,1,1500,2016,8,117.0,3.0,2017-01-14,p1097591,1.0,600.0,2017.0,1.0,0,2,5.0,23850
c367093,2015-12-29,F,1985,서울특별시,영등포구,31,31.0,147,1,2016-07-02,p1175481,1,1300,2016,7,89.0,3.0,2017-01-30,p1133371,2.0,2000.0,2017.0,1.0,0,1,1.0,11750
c335380,2014-12-08,F,1984,서울특별시,영등포구,32,32.0,21,1,2016-07-06,p1036481,1,840,2016,7,19.0,1.0,2017-03-06,p1162631,1.0,4600.0,2017.0,3.0,0,2,2.0,8130
c349846,2015-05-27,F,1970,서울특별시,중랑구,46,46.0,157,3,2016-07-26,p1005891,1,1950,2016,7,75.0,2.0,2017-02-09,p1144661,1.0,2500.0,2017.0,2.0,0,1,3.0,15100
c392656,2016-11-05,F,1975,서울특별시,강남구,41,41.0,79,5,2016-11-20,p1211951,1,2250,2016,11,27.0,13.0,2017-01-21,p1100371,2.0,800.0,2017.0,1.0,0,0,2.0,11332
c352212,2015-06-22,F,1973,서울특별시,강북구,43,43.0,101,1,2016-07-05,p1152861,1,1091,2016,7,79.0,2.0,2017-01-03,p1284851,1.0,2750.0,2017.0,1.0,0,1,17.0,89634
c341192,2015-02-23,F,1973,서울특별시,강북구,43,43.0,69,1,2016-07-07,p1005891,1,1950,2016,7,79.0,12.0,2017-01-04,p1012811,1.0,3250.0,2017.0,1.0,0,1,8.0,37700
c316640,2014-05-16,F,1975,서울특별시,강북구,41,41.0,25,2,2016-12-06,p1005891,1,1850,2016,12,117.0,1.0,2017-02-19,p1179241,1.0,2200.0,2017.0,2.0,0,2,1.0,3940
c338151,2015-01-13,F,1979,서울특별시,강서구,37,37.0,171,1,2016-07-05,p1233511,1,1900,2016,7,,,,,,,,,1,1,4.0,20132
c381859,2016-06-20,F,1972,서울특별시,강서구,44,44.0,7,4,2016-08-13,p1012881,1,1600,2016,8,55.0,1.0,2017-03-01,p1175481,1.0,1300.0,2017.0,3.0,0,0,1.0,5150
c366330,2015-12-17,F,1983,서울특별시,관악구,33,33.0,123,4,2016-07-09,p1200641,1,5200,2016,7,205.0,3.0,2017-01-09,p1012811,1.0,3250.0,2017.0,1.0,0,1,2.0,15500
c352739,2015-06-27,F,1967,서울특별시,관악구,49,49.0,27,7,2016-07-08,p1005891,1,1950,2016,7,179.0,5.0,2017-01-09,p1175481,1.0,1300.0,2017.0,1.0,0,1,5.0,25150
c305167,2014-01-05,F,1982,서울특별시,관악구,34,34.0,81,4,2016-07-07,p1191881,1,1750,2016,7,21.0,1.0,2017-01-08,p1089531,1.0,2500.0,2017.0,1.0,0,2,7.0,25773
c315289,2014-05-02,F,1979,서울특별시,관악구,37,37.0,65,1,2016-11-06,p1052661,1,1455,2016,11,97.0,2.0,2017-01-19,p1005891,1.0,1950.0,2017.0,1.0,0,2,1.0,3755
c320617,2014-06-26,F,1977,서울특별시,관악구,39,39.0,75,2,2016-07-18,p1005621,1,2900,2016,7,17.0,4.0,2017-02-04,p1097591,1.0,600.0,2017.0,2.0,0,2,3.0,13400
c341245,2015-02-23,F,1982,서울특별시,관악구,34,34.0,95,3,2016-07-04,p1162631,1,4600,2016,7,125.0,3.0,2017-01-17,p1072601,1.0,4200.0,2017.0,1.0,0,1,9.0,69108
c349063,2015-05-18,F,1974,서울특별시,관악구,42,42.0,91,1,2016-07-09,p1175481,1,1300,2016,7,219.0,1.0,2017-01-16,p1054261,1.0,2091.0,2017.0,1.0,0,1,4.0,17392
c321209,2014-07-03,F,1980,서울특별시,관악구,36,36.0,27,1,2016-07-25,p1052661,1,1455,2016,7,81.0,7.0,2017-01-10,p1097831,1.0,1545.0,2017.0,1.0,0,2,11.0,32005
c309295,2014-02-28,F,1980,서울특별시,관악구,36,36.0,79,2,2016-10-11,p1012761,1,1900,2016,10,73.0,1.0,2017-01-07,p1012761,1.0,1900.0,2017.0,1.0,0,2,4.0,13520
c359069,2015-09-13,F,1975,서울특별시,관악구,41,41.0,37,1,2016-09-17,p1127201,1,3727,2016,9,85.0,2.0,2017-02-09,p1127201,1.0,3727.0,2017.0,2.0,0,1,3.0,12727
c378428,2016-05-12,F,1984,서울특별시,관악구,32,32.0,39,3,2016-07-17,p1006411,1,1091,2016,7,91.0,15.0,2017-03-11,p1026741,1.0,3227.0,2017.0,3.0,0,0,2.0,7927
c354828,2015-07-23,F,1969,서울특별시,광진구,47,47.0,125,2,2016-07-11,p1256521,1,1850,2016,7,,,,,,,,,1,1,2.0,3150
c360710,2015-10-06,F,1982,서울특별시,구로구,34,34.0,5,1,2016-07-04,p1233511,1,1900,2016,7,39.0,1.0,2017-02-14,p1284851,1.0,2750.0,2017.0,2.0,0,1,2.0,3700
c367261,2015-12-31,F,1967,서울특별시,구로구,49,49.0,109,3,2016-12-03,p1005771,1,1850,2016,12,,,,,,,,,1,1,1.0,12600
c305163,2014-01-05,F,1975,서울특별시,구로구,41,41.0,113,1,2016-07-03,p1231011,2,1818,2016,7,171.0,1.0,2017-01-23,p1233511,1.0,2400.0,2017.0,1.0,0,2,7.0,31784
c316754,2014-05-18,M,1974,서울특별시,구로구,42,42.0,15,6,2016-07-17,p1005771,1,1850,2016,7,83.0,4.0,2017-01-20,p1207281,1.0,3300.0,2017.0,1.0,0,2,2.0,5300
c329445,2014-10-08,M,1975,서울특별시,도봉구,41,41.0,103,3,2016-07-09,p1072601,2,9200,2016,7,33.0,1.0,2017-01-10,p1072601,3.0,13800.0,2017.0,1.0,0,2,6.0,63600
c392672,2016-11-05,F,1977,서울특별시,도봉구,39,39.0,49,6,2016-12-24,p1119071,2,2182,2016,12,,,,,,,,,1,0,1.0,2182
c385259,2016-08-01,F,1994,서울특별시,동대문구,22,22.0,27,2,2016-08-01,p1256521,1,1665,2016,8,91.0,3.0,2017-02-21,p1144661,1.0,2500.0,2017.0,2.0,0,0,12.0,55127
c328698,2014-09-30,F,1983,서울특별시,동작구,33,33.0,155,1,2016-07-07,p1246581,2,2272,2016,7,39.0,1.0,2017-01-03,p1001771,1.0,3100.0,2017.0,1.0,0,2,16.0,70319
c392058,2016-10-29,F,1954,서울특별시,동작구,62,62.0,127,7,2016-11-12,p1235451,1,1227,2016,11,43.0,4.0,2017-01-07,p1299491,1.0,1950.0,2017.0,1.0,0,0,4.0,15981
c338224,2015-01-14,F,1969,서울특별시,동작구,47,47.0,255,1,2016-10-31,p1178011,1,7200,2016,10,133.0,1.0,2017-01-11,p1175481,2.0,2600.0,2017.0,1.0,0,1,3.0,20320
c351898,2015-06-17,F,1974,서울특별시,동작구,42,42.0,81,1,2016-07-04,p1175481,1,1300,2016,7,189.0,1.0,2017-01-13,p1036481,2.0,2100.0,2017.0,1.0,0,1,2.0,6300
c368109,2016-01-10,M,1984,서울특별시,동작구,32,32.0,73,11,2016-10-26,p1001771,1,3100,2016,10,11.0,5.0,2017-01-08,p1001771,1.0,3100.0,2017.0,1.0,0,0,5.0,31250
c368172,2016-01-11,F,1977,서울특별시,동작구,39,39.0,69,5,2016-07-27,p1119071,2,2182,2016,7,139.0,4.0,2017-03-09,p1052661,1.0,1545.0,2017.0,3.0,0,0,2.0,11114
c320790,2014-06-27,F,1984,서울특별시,동작구,32,32.0,133,3,2016-10-03,p1235451,1,1227,2016,10,,,,,,,,,1,2,1.0,10327
c319923,2014-06-18,F,1961,서울특별시,동작구,55,55.0,27,3,2016-07-17,p1200641,1,4600,2016,7,95.0,2.0,2017-01-02,p1012761,1.0,1900.0,2017.0,1.0,0,2,9.0,32050
c321689,2014-07-08,M,1979,서울특별시,동작구,37,37.0,109,2,2016-12-01,p1127201,1,3727,2016,12,163.0,10.0,2017-03-14,p1005891,1.0,1950.0,2017.0,3.0,0,2,3.0,3727
c340251,2015-02-06,F,1971,서울특별시,동작구,45,45.0,47,6,2016-07-13,p1237811,1,8000,2016,7,45.0,4.0,2017-01-04,p1012751,1.0,1850.0,2017.0,1.0,0,1,1.0,1900
c345390,2015-04-08,F,1972,서울특별시,동작구,44,44.0,91,2,2016-10-10,p1005891,1,1950,2016,10,51.0,2.0,2017-03-17,p1005891,1.0,1950.0,2017.0,3.0,0,1,3.0,21050
c362576,2015-10-30,F,1972,서울특별시,동작구,44,44.0,111,2,2016-07-07,p1119071,2,2182,2016,7,79.0,2.0,2017-01-24,p1012761,1.0,1900.0,2017.0,1.0,0,1,2.0,2759
c319841,2014-06-18,M,1971,서울특별시,동작구,45,45.0,91,2,2016-08-17,p1175481,1,1300,2016,8,,,,,,,,,1,2,2.0,11250
c365181,2015-12-02,F,1970,서울특별시,동작구,46,46.0,31,3,2016-08-24,p1284851,1,2750,2016,8,69.0,6.0,2017-01-16,p1119071,1.0,1091.0,2017.0,1.0,0,1,3.0,19482
c350273,2015-06-01,F,1977,서울특별시,동작구,39,39.0,99,3,2016-07-19,p1175481,1,1300,2016,7,,,,,,,,,1,1,2.0,3400
c366906,2015-12-26,F,1971,서울특별시,동작구,45,45.0,47,5,2016-08-30,p1005771,1,1850,2016,8,139.0,4.0,2017-02-11,p1001771,1.0,2950.0,2017.0,2.0,0,1,3.0,7900
c324125,2014-08-06,F,1970,서울특별시,동작구,46,46.0,241,9,2016-07-18,p1100371,4,1600,2016,7,89.0,11.0,2017-03-12,p1012811,1.0,2850.0,2017.0,3.0,0,2,2.0,8000
c314205,2014-04-22,F,1969,서울특별시,동작구,47,47.0,103,2,2016-07-22,p1012581,1,1050,2016,7,85.0,1.0,2017-01-10,p1005771,2.0,3700.0,2017.0,1.0,0,2,9.0,43114
c306206,2014-01-17,M,1973,서울특별시,마포구,43,43.0,87,2,2016-09-03,p1089531,1,1900,2016,9,75.0,3.0,2017-01-12,p1005771,1.0,1850.0,2017.0,1.0,0,2,1.0,1850
c371209,2016-02-22,F,1976,서울특별시,마포구,40,40.0,199,6,2016-11-23,p1119071,1,1091,2016,11,,,,,,,,,1,0,1.0,2546
c310596,2014-03-13,F,1979,서울특별시,마포구,37,37.0,141,2,2016-07-04,p1013161,1,2950,2016,7,101.0,2.0,2017-01-13,p1175481,1.0,1300.0,2017.0,1.0,0,2,13.0,61780
c366986,2015-12-28,F,1973,서울특별시,마포구,43,43.0,13,4,2016-08-08,p1144371,1,1500,2016,8,21.0,3.0,2017-03-30,p1005771,1.0,1850.0,2017.0,3.0,0,1,3.0,7355
c305393,2014-01-07,F,1979,서울특별시,마포구,37,37.0,9,3,2016-07-17,p1005771,1,1850,2016,7,109.0,2.0,2017-01-21,p1005771,1.0,1850.0,2017.0,1.0,0,2,3.0,7864
c374619,2016-03-30,F,1976,서울특별시,마포구,40,40.0,111,7,2016-07-15,p1200641,1,4600,2016,7,,,,,,,,,1,0,1.0,2991
c357801,2015-08-29,F,1983,서울특별시,마포구,33,33.0,193,2,2016-07-19,p1159481,1,1650,2016,7,97.0,5.0,2017-01-04,p1139701,1.0,1045.0,2017.0,1.0,0,1,8.0,34400
c331217,2014-10-26,F,1982,서울특별시,마포구,34,34.0,139,1,2016-07-04,p1211951,1,1700,2016,7,29.0,4.0,2017-01-14,p1013161,1.0,2950.0,2017.0,1.0,0,2,7.0,166734
c338238,2015-01-14,F,1977,서울특별시,마포구,39,39.0,159,1,2016-07-14,p1012761,1,1900,2016,7,179.0,2.0,2017-01-05,p1012761,1.0,1900.0,2017.0,1.0,0,1,7.0,40200
c310143,2014-03-10,F,1977,서울특별시,서대문구,39,39.0,103,2,2016-10-30,p1256521,1,1850,2016,10,,,,,,,,,1,2,1.0,1850
c308419,2014-02-18,F,1962,서울특별시,서초구,54,54.0,125,2,2016-07-05,p1052661,1,1455,2016,7,47.0,2.0,2017-03-17,p1072601,1.0,4600.0,2017.0,3.0,0,2,1.0,3727
c313636,2014-04-16,F,1973,서울특별시,서초구,43,43.0,25,2,2016-12-30,p1005891,1,1950,2016,12,43.0,2.0,2017-01-13,p1284851,1.0,2750.0,2017.0,1.0,0,2,1.0,1950
c358409,2015-09-06,F,1985,서울특별시,성동구,31,31.0,241,3,2016-09-28,p1005771,1,1850,2016,9,153.0,1.0,2017-01-24,p1012761,1.0,1900.0,2017.0,1.0,0,1,1.0,1850
c361375,2015-10-15,F,1975,서울특별시,성동구,41,41.0,203,1,2016-11-07,p1012751,1,1350,2016,11,199.0,2.0,2017-03-20,p1013161,1.0,2950.0,2017.0,3.0,0,1,1.0,3200
c307057,2014-02-03,F,1976,서울특별시,성동구,40,40.0,173,2,2016-07-25,p1052661,1,1455,2016,7,33.0,1.0,2017-01-31,p1284851,2.0,5500.0,2017.0,1.0,0,2,2.0,3550
c345078,2015-04-04,F,1977,서울특별시,성북구,39,39.0,43,1,2016-07-02,p1127201,1,3727,2016,7,21.0,2.0,2017-02-15,p1162631,1.0,4600.0,2017.0,2.0,0,1,2.0,16854
c348907,2015-05-15,F,1964,서울특별시,성북구,52,52.0,65,8,2016-07-16,p1005621,1,2900,2016,7,27.0,3.0,2017-01-14,p1072601,1.0,4600.0,2017.0,1.0,0,1,4.0,29697
c310170,2014-03-10,F,1973,서울특별시,성북구,43,43.0,65,7,2016-12-24,p1194801,1,8370,2016,12,,,,,,,,,1,2,1.0,13770
c312185,2014-04-01,F,1974,서울특별시,성북구,42,42.0,61,5,2016-07-25,p1072601,1,4600,2016,7,125.0,5.0,2017-01-04,p1207281,1.0,3300.0,2017.0,1.0,0,2,10.0,97210
c373217,2016-03-15,F,1956,서울특별시,송파구,60,60.0,257,3,2016-09-02,p1012751,1,1380,2016,9,,,,,,,,,1,0,1.0,4900
c307070,2014-02-03,M,1978,서울특별시,송파구,38,38.0,143,2,2016-07-05,p1152861,1,1091,2016,7,11.0,4.0,2017-01-04,p1175481,1.0,1300.0,2017.0,1.0,0,2,22.0,89697
c366727,2015-12-23,F,1987,서울특별시,송파구,29,29.0,107,3,2016-12-08,p1097821,2,2000,2016,12,,,,,,,,,1,1,1.0,2000
c323588,2014-07-29,F,1960,서울특별시,양천구,56,56.0,137,1,2016-12-20,p1012641,1,1450,2016,12,,,,,,,,,1,2,1.0,4600
c350495,2015-06-03,F,1974,서울특별시,양천구,42,42.0,127,10,2016-08-11,p1175481,1,1300,2016,8,,,,,,,,,1,1,4.0,12500
c355876,2015-08-06,F,1982,서울특별시,양천구,34,34.0,125,1,2016-07-17,p1005771,1,1850,2016,7,113.0,2.0,2017-01-15,p1175481,1.0,1300.0,2017.0,1.0,0,1,1.0,1227
c345762,2015-04-12,F,1991,서울특별시,양천구,25,25.0,119,1,2016-07-09,p1237811,1,8000,2016,7,91.0,2.0,2017-02-06,p1072601,1.0,4600.0,2017.0,2.0,0,1,2.0,11100
c339321,2015-01-28,F,1988,서울특별시,양천구,28,28.0,15,2,2016-07-14,p1144371,2,2500,2016,7,59.0,1.0,2017-03-02,p1012581,1.0,1050.0,2017.0,3.0,0,1,1.0,1850
c395106,2016-12-09,F,1979,서울특별시,영등포구,37,37.0,63,2,2016-12-09,p1255281,4,4728,2016,12,83.0,5.0,2017-01-27,p1011291,1.0,273.0,2017.0,1.0,0,0,1.0,36556
c349755,2015-05-26,F,1963,서울특별시,영등포구,53,53.0,77,1,2016-11-18,p1178011,1,8800,2016,11,79.0,4.0,2017-01-23,p1175481,1.0,1200.0,2017.0,1.0,0,1,1.0,10100
c317858,2014-05-27,F,1974,서울특별시,용산구,42,42.0,109,1,2016-07-04,p1012761,1,1900,2016,7,63.0,4.0,2017-01-08,p1299491,1.0,1950.0,2017.0,1.0,0,2,12.0,38340
c388365,2016-09-12,F,1984,서울특별시,용산구,32,32.0,189,1,2016-10-14,p1097591,1,600,2016,10,,,,,,,,,1,0,1.0,3100
c356063,2015-08-10,F,1980,서울특별시,은평구,36,36.0,137,2,2016-07-11,p1005891,1,1950,2016,7,149.0,3.0,2017-02-08,p1013161,1.0,2950.0,2017.0,2.0,0,1,3.0,14391
c343724,2015-03-23,F,1954,서울특별시,은평구,62,62.0,99,3,2016-07-23,p1162631,1,4600,2016,7,53.0,2.0,2017-02-05,p1175481,1.0,1300.0,2017.0,2.0,0,1,3.0,13800
c349544,2015-05-23,F,1984,서울특별시,은평구,32,32.0,9,1,2016-10-29,p1175481,1,1300,2016,10,,,,,,,,,1,1,1.0,1300
c389262,2016-09-27,F,1975,서울특별시,은평구,41,41.0,53,1,2016-09-29,p1207281,1,3450,2016,9,,,,,,,,,1,0,2.0,8750
c324796,2014-08-14,F,1977,서울특별시,은평구,39,39.0,75,7,2016-10-24,p1013161,1,2950,2016,10,101.0,1.0,2017-01-23,p1012751,1.0,1850.0,2017.0,1.0,0,2,1.0,5950
c389970,2016-10-05,F,1980,서울특별시,은평구,36,36.0,107,2,2016-10-05,p1052661,1,1455,2016,10,31.0,2.0,2017-01-31,p1097821,1.0,1000.0,2017.0,1.0,0,0,6.0,16396
c377588,2016-05-02,F,1980,서울특별시,은평구,36,36.0,9,3,2016-07-03,p1159481,1,1650,2016,7,37.0,5.0,2017-01-04,p1233511,1.0,2400.0,2017.0,1.0,0,0,6.0,20000
c314136,2014-04-21,F,1985,서울특별시,은평구,31,31.0,37,3,2016-07-05,p1133371,5,5000,2016,7,101.0,1.0,2017-01-02,p1072601,3.0,12600.0,2017.0,1.0,0,2,20.0,189012
c325191,2014-08-19,F,1986,서울특별시,은평구,30,30.0,5,7,2016-09-26,p1012951,1,1850,2016,9,23.0,2.0,2017-02-17,p1005891,1.0,1950.0,2017.0,2.0,0,2,4.0,12505
c337168,2015-01-02,F,1986,서울특별시,은평구,30,30.0,103,2,2016-10-25,p1100371,3,1200,2016,10,,,,,,,,,1,1,1.0,1200
c384183,2016-07-17,F,1980,서울특별시,은평구,36,36.0,53,7,2016-07-17,p1012951,1,1200,2016,7,39.0,5.0,2017-01-17,p1233511,1.0,2400.0,2017.0,1.0,0,0,4.0,21750
c341734,2015-03-01,F,1971,서울특별시,종로구,45,45.0,13,1,2016-08-28,p1175481,1,1300,2016,8,,,,,,,,,1,1,1.0,5400
c316488,2014-05-15,F,1978,서울특별시,종로구,38,38.0,93,1,2016-07-06,p1012751,1,1250,2016,7,49.0,1.0,2017-01-04,p1011291,6.0,1638.0,2017.0,1.0,0,2,10.0,30127
c317547,2014-05-24,M,1979,서울특별시,종로구,37,37.0,141,1,2016-07-06,p1030071,1,2450,2016,7,161.0,3.0,2017-01-10,p1011291,1.0,273.0,2017.0,1.0,0,2,7.0,18451
c341969,2015-03-03,F,1977,서울특별시,종로구,39,39.0,77,2,2016-07-10,p1012751,1,1250,2016,7,49.0,3.0,2017-01-03,p1012581,1.0,1050.0,2017.0,1.0,0,1,14.0,70514
c377720,2016-05-03,F,1982,서울특별시,종로구,34,34.0,53,10,2016-07-12,p1001771,1,3600,2016,7,93.0,4.0,2017-03-19,p1012581,1.0,1050.0,2017.0,3.0,0,0,1.0,6700
c395272,2016-12-12,F,1980,서울특별시,종로구,36,36.0,131,2,2016-12-20,p1179241,1,1750,2016,12,161.0,2.0,2017-01-09,p1012811,1.0,3250.0,2017.0,1.0,0,0,2.0,7750
c393450,2016-11-15,F,1949,서울특별시,종로구,67,67.0,127,1,2016-11-19,p1012751,1,1350,2016,11,,,,,,,,,1,0,7.0,23991
c323884,2014-08-02,F,1979,서울특별시,종로구,37,37.0,157,2,2016-07-25,p1012641,1,1650,2016,7,145.0,1.0,2017-01-07,p1284851,2.0,5500.0,2017.0,1.0,0,2,6.0,17791
c334413,2014-11-25,F,1984,서울특별시,종로구,32,32.0,103,4,2016-07-27,p1234751,1,909,2016,7,67.0,2.0,2017-02-23,p1097821,1.0,1000.0,2017.0,2.0,0,2,1.0,8740
c333731,2014-11-18,F,1972,서울특별시,종로구,44,44.0,113,3,2016-11-08,p1256521,1,1650,2016,11,179.0,1.0,2017-01-11,p1178011,1.0,8800.0,2017.0,1.0,0,2,1.0,3100
c384268,2016-07-18,F,1979,서울특별시,종로구,37,37.0,179,1,2016-07-20,p1200641,1,4600,2016,7,,,,,,,,,1,0,2.0,11150
c358320,2015-09-04,F,1978,서울특별시,종로구,38,38.0,75,1,2016-07-09,p1200641,1,5200,2016,7,127.0,2.0,2017-02-03,p1005771,1.0,1850.0,2017.0,2.0,0,1,5.0,11645
c371226,2016-02-22,F,1979,서울특별시,종로구,37,37.0,57,1,2016-07-18,p1211951,2,3400,2016,7,,,,,,,,,1,0,1.0,1000
c319603,2014-06-16,F,1982,서울특별시,종로구,34,34.0,39,5,2016-07-27,p1246581,2,2272,2016,7,,,,,,,,,1,2,2.0,7032
c342059,2015-03-04,F,1969,서울특별시,중구,47,47.0,111,2,2016-07-26,p1234751,1,909,2016,7,101.0,2.0,2017-02-07,p1149401,1.0,818.0,2017.0,2.0,0,1,4.0,29520
c312420,2014-04-02,F,1978,서울특별시,중랑구,38,38.0,133,2,2016-07-01,p1097591,2,1200,2016,7,9.0,1.0,2017-01-10,p1175481,1.0,1300.0,2017.0,1.0,0,2,17.0,57869
c347118,2015-04-25,F,1955,서울특별시,중랑구,61,61.0,41,1,2016-07-26,p1175481,1,1300,2016,7,45.0,4.0,2017-01-03,p1012761,1.0,1900.0,2017.0,1.0,0,1,1.0,1950
c346321,2015-04-17,F,1978,서울특별시,중랑구,38,38.0,147,9,2016-10-15,p1013161,1,2950,2016,10,39.0,1.0,2017-03-26,p1097591,1.0,600.0,2017.0,3.0,0,1,1.0,2950
c389199,2016-09-26,F,1987,서울특별시,은평구진관20상림마을은평뉴타운,29,29.0,111,1,2016-09-26,p1207951,1,3750,2016,9,81.0,3.0,2017-01-06,p1284851,1.0,2750.0,2017.0,1.0,0,0,5.0,16977
c343257,2015-03-17,F,1974,인천광역시,동구,42,42.0,129,2,2016-07-03,p1012881,1,1600,2016,7,15.0,1.0,2017-01-09,p1012811,1.0,3250.0,2017.0,1.0,0,1,15.0,60625
c343044,2015-03-16,F,1966,인천광역시,부평구,50,50.0,3,2,2016-07-19,p1175481,1,1300,2016,7,,,,,,,,,1,1,1.0,1050
c348709,2015-05-14,F,1979,인천광역시,중구,37,37.0,81,4,2016-07-04,p1012881,1,1600,2016,7,177.0,4.0,2017-01-18,p1052661,2.0,2728.0,2017.0,1.0,0,1,6.0,49458
c328828,2014-10-01,F,1977,인천광역시,계양구,39,39.0,49,2,2016-08-05,p1052661,1,1455,2016,8,49.0,6.0,2017-01-10,p1175481,1.0,1300.0,2017.0,1.0,0,2,5.0,18890
c330406,2014-10-17,M,1982,인천광역시,계양구,34,34.0,27,7,2016-07-01,p1284851,1,2750,2016,7,37.0,2.0,2017-01-02,p1097821,2.0,2000.0,2017.0,1.0,0,2,3.0,3092
c345702,2015-04-10,F,1983,인천광역시,계양구,33,33.0,141,2,2016-12-05,p1194801,1,9300,2016,12,,,,,,,,,1,1,1.0,10300
c316463,2014-05-15,F,1977,인천광역시,계양구,39,39.0,35,5,2016-12-04,p1175481,1,1300,2016,12,,,,,,,,,1,2,1.0,4050
c365400,2015-12-04,F,1951,인천광역시,계양구,65,65.0,51,3,2016-07-10,p1072601,1,4600,2016,7,,,,,,,,,1,1,1.0,1950
c337999,2015-01-12,F,1977,인천광역시,계양구,39,39.0,33,6,2016-07-01,p1284851,1,2750,2016,7,81.0,2.0,2017-01-06,p1072601,1.0,4200.0,2017.0,1.0,0,1,22.0,93637
c328709,2014-10-01,F,1981,인천광역시,계양구,35,35.0,15,4,2016-07-04,p1175481,1,1300,2016,7,27.0,1.0,2017-01-16,p1097821,2.0,1818.0,2017.0,1.0,0,2,1.0,6345
c362266,2015-10-27,F,1981,인천광역시,계양구,35,35.0,59,1,2016-10-12,p1211951,1,2500,2016,10,113.0,1.0,2017-02-02,p1054261,2.0,4182.0,2017.0,2.0,0,1,4.0,28859
c309773,2014-03-05,M,1973,인천광역시,계양구,43,43.0,41,1,2016-07-07,p1237811,1,8000,2016,7,57.0,2.0,2017-01-24,p1012751,1.0,1850.0,2017.0,1.0,0,2,4.0,24250
c376397,2016-04-19,F,1984,인천광역시,계양구,32,32.0,75,5,2016-07-08,p1005771,1,1850,2016,7,99.0,1.0,2017-01-03,p1005891,1.0,1950.0,2017.0,1.0,0,0,5.0,19580
c378004,2016-05-08,F,1948,인천광역시,계양구,68,68.0,177,1,2016-11-21,p1178011,1,8800,2016,11,163.0,1.0,2017-03-24,p1178011,1.0,8800.0,2017.0,3.0,0,0,1.0,8800
c346100,2015-04-15,F,1964,인천광역시,계양구,52,52.0,3,13,2016-12-22,p1072601,1,4600,2016,12,,,,,,,,,1,1,1.0,8950
c305608,2014-01-10,F,1980,인천광역시,계양구,36,36.0,203,3,2016-07-12,p1139701,1,1045,2016,7,,,,,,,,,1,2,1.0,3908
c365954,2015-12-12,F,1985,인천광역시,계양구,31,31.0,11,11,2016-09-05,p1284851,1,2750,2016,9,,,,,,,,,1,1,1.0,4520
c334919,2014-12-02,F,1971,인천광역시,계양구,45,45.0,61,1,2016-07-03,p1072601,1,4600,2016,7,23.0,12.0,2017-02-16,p1299491,1.0,2150.0,2017.0,2.0,0,2,2.0,14855
c385317,2016-08-01,F,1984,인천광역시,계양구,32,32.0,15,4,2016-08-15,p1284851,1,2750,2016,8,91.0,2.0,2017-03-25,p1194801,1.0,5600.0,2017.0,3.0,0,0,1.0,1900
c396059,2016-12-24,F,1962,인천광역시,계양구,54,54.0,109,2,2016-12-24,p1194801,1,8370,2016,12,49.0,2.0,2017-01-23,p1005891,1.0,1950.0,2017.0,1.0,0,0,1.0,10320
c309850,2014-03-06,F,1987,인천광역시,계양구,29,29.0,125,2,2016-07-05,p1233511,1,1900,2016,7,193.0,1.0,2017-01-04,p1097831,2.0,3090.0,2017.0,1.0,0,2,10.0,44405
c390262,2016-10-09,F,1967,인천광역시,남구,49,49.0,95,1,2016-10-09,p1012751,1,1500,2016,10,103.0,3.0,2017-01-03,p1256521,2.0,3300.0,2017.0,1.0,0,0,5.0,36350
c393823,2016-11-21,F,1984,인천광역시,남구,32,32.0,35,2,2016-12-14,p1175481,1,1300,2016,12,15.0,1.0,2017-01-02,p1097821,2.0,2000.0,2017.0,1.0,0,0,2.0,7750
c305176,2014-01-05,F,1976,인천광역시,남구,40,40.0,249,1,2016-08-16,p1284851,1,2750,2016,8,205.0,3.0,2017-02-10,p1284851,1.0,2750.0,2017.0,2.0,0,2,1.0,4600
c337211,2015-01-02,F,1975,인천광역시,남구,41,41.0,29,3,2016-08-09,p1144371,2,3000,2016,8,107.0,6.0,2017-01-06,p1207281,1.0,3300.0,2017.0,1.0,0,1,2.0,9900
c305120,2014-01-04,F,1982,인천광역시,남구,34,34.0,109,4,2016-07-30,p1012751,1,1250,2016,7,179.0,2.0,2017-02-21,p1179241,1.0,2200.0,2017.0,2.0,0,2,4.0,15282
c305143,2014-01-04,F,1981,인천광역시,남구,35,35.0,11,2,2016-08-01,p1005771,1,1850,2016,8,115.0,3.0,2017-01-14,p1175481,1.0,1300.0,2017.0,1.0,0,2,10.0,69503
c324061,2014-08-05,F,1992,인천광역시,남구,24,24.0,151,2,2016-07-05,p1246581,1,1136,2016,7,35.0,1.0,2017-02-07,p1175481,1.0,1300.0,2017.0,2.0,0,2,2.0,5750
c326331,2014-09-01,F,1995,인천광역시,남구,21,21.0,227,1,2016-09-23,p1284851,1,2750,2016,9,167.0,3.0,2017-01-06,p1006411,1.0,1091.0,2017.0,1.0,0,2,2.0,4841
c333911,2014-11-20,F,1979,인천광역시,남동구,37,37.0,107,9,2016-07-01,p1011291,2,546,2016,7,,,,,,,,,1,2,9.0,33350
c346952,2015-04-23,M,1965,인천광역시,남동구,51,51.0,171,4,2016-07-04,p1159481,1,1650,2016,7,189.0,3.0,2017-01-16,p1194801,1.0,7600.0,2017.0,1.0,0,1,13.0,46500
c378497,2016-05-13,F,1973,인천광역시,남동구,43,43.0,105,1,2016-11-24,p1127201,1,3727,2016,11,,,,,,,,,1,0,1.0,3727
c309376,2014-03-01,F,1986,인천광역시,남동구,30,30.0,47,7,2016-10-24,p1036481,1,1050,2016,10,,,,,,,,,1,2,2.0,9350
c384271,2016-07-18,F,1980,인천광역시,남동구,36,36.0,149,1,2016-10-27,p1005891,1,1950,2016,10,193.0,2.0,2017-01-12,p1097821,3.0,3000.0,2017.0,1.0,0,0,4.0,25153
c336640,2014-12-25,M,1990,인천광역시,남동구,26,26.0,185,1,2016-11-04,p1006411,1,1091,2016,11,,,,,,,,,1,2,1.0,1091
c340498,2015-02-10,F,1969,인천광역시,남동구,47,47.0,147,1,2016-07-20,p1012761,1,1900,2016,7,225.0,1.0,2017-01-25,p1233511,1.0,2400.0,2017.0,1.0,0,1,3.0,5900
c357569,2015-08-27,F,1981,인천광역시,남동구,35,35.0,143,2,2016-07-02,p1191881,1,1750,2016,7,27.0,3.0,2017-01-03,p1211951,1.0,2150.0,2017.0,1.0,0,1,1.0,16750
c342334,2015-03-06,F,1961,인천광역시,남동구,55,55.0,123,3,2016-07-05,p1175481,1,1300,2016,7,39.0,4.0,2017-03-07,p1194801,1.0,6200.0,2017.0,3.0,0,1,2.0,13600
c347552,2015-04-29,F,1965,인천광역시,남동구,51,51.0,65,2,2016-08-20,p1256521,1,1850,2016,8,,,,,,,,,1,1,1.0,6050
c355506,2015-08-01,F,1960,인천광역시,부평구,56,56.0,23,2,2016-08-10,p1005891,2,3900,2016,8,23.0,1.0,2017-01-13,p1178011,1.0,8800.0,2017.0,1.0,0,1,7.0,46732
c347407,2015-04-28,F,1980,인천광역시,부평구,36,36.0,19,1,2016-08-01,p1006281,1,864,2016,8,35.0,1.0,2017-03-01,p1005621,1.0,2900.0,2017.0,3.0,0,1,3.0,16400
c370688,2016-02-15,F,1980,인천광역시,부평구,36,36.0,141,4,2016-07-04,p1097591,1,600,2016,7,,,,,,,,,1,0,1.0,3550
c313987,2014-04-19,F,1978,인천광역시,부평구,38,38.0,145,2,2016-07-04,p1149411,1,1000,2016,7,21.0,1.0,2017-01-11,p1284851,1.0,2750.0,2017.0,1.0,0,2,11.0,36960
c362338,2015-10-28,F,1975,인천광역시,부평구,41,41.0,77,1,2016-11-02,p1013251,1,2500,2016,11,47.0,2.0,2017-02-02,p1002841,1.0,15800.0,2017.0,2.0,0,1,4.0,22127
c378408,2016-05-12,F,1984,인천광역시,부평구,32,32.0,83,1,2016-08-04,p1284851,1,2750,2016,8,35.0,4.0,2017-01-07,p1127201,1.0,3727.0,2017.0,1.0,0,0,1.0,1091
c343622,2015-03-21,F,1980,인천광역시,부평구,36,36.0,141,3,2016-07-22,p1052661,1,1455,2016,7,143.0,5.0,2017-03-15,p1054261,1.0,2091.0,2017.0,3.0,0,1,2.0,13027
c361312,2015-10-14,F,1981,인천광역시,부평구,35,35.0,77,2,2016-10-26,p1100371,1,400,2016,10,,,,,,,,,1,1,1.0,400
c335794,2014-12-13,F,1971,인천광역시,부평구,45,45.0,117,1,2016-07-02,p1012761,1,1900,2016,7,187.0,1.0,2017-02-07,p1194801,1.0,7600.0,2017.0,2.0,0,2,5.0,12750
c366918,2015-12-26,F,1977,인천광역시,부평구,39,39.0,193,1,2016-07-12,p1175481,1,1300,2016,7,33.0,3.0,2017-02-09,p1127201,1.0,3727.0,2017.0,2.0,0,1,4.0,24577
c348855,2015-05-15,F,1960,인천광역시,부평구,56,56.0,131,2,2016-07-23,p1284851,1,2750,2016,7,55.0,5.0,2017-02-03,p1012581,1.0,1050.0,2017.0,2.0,0,1,4.0,50047
c366858,2015-12-25,F,1974,인천광역시,부평구,42,42.0,157,5,2016-07-16,p1097591,1,600,2016,7,,,,,,,,,1,1,8.0,39696
c316579,2014-05-16,F,1967,인천광역시,부평구,49,49.0,23,2,2016-08-05,p1005891,1,1950,2016,8,75.0,4.0,2017-02-24,p1233511,1.0,2600.0,2017.0,2.0,0,2,3.0,13073
c368205,2016-01-11,F,1978,인천광역시,서구,38,38.0,93,4,2016-07-18,p1012951,1,1200,2016,7,33.0,2.0,2017-01-21,p1175481,1.0,1300.0,2017.0,1.0,0,0,1.0,8800
c313433,2014-04-14,F,1973,인천광역시,서구,43,43.0,217,5,2016-07-12,p1072601,1,4600,2016,7,109.0,2.0,2017-01-06,p1012811,1.0,3250.0,2017.0,1.0,0,2,7.0,44105
c341672,2015-02-28,F,1970,인천광역시,연수구,46,46.0,51,1,2016-08-17,p1162631,1,4600,2016,8,113.0,2.0,2017-01-30,p1207951,1.0,5400.0,2017.0,1.0,0,1,7.0,26154
c331925,2014-10-31,F,1974,인천광역시,연수구,42,42.0,123,1,2016-07-04,p1072601,2,9200,2016,7,141.0,2.0,2017-02-20,p1072601,2.0,9200.0,2017.0,2.0,0,2,3.0,23000
c318873,2014-06-08,F,1977,인천광역시,연수구,39,39.0,187,1,2016-12-20,p1006281,1,864,2016,12,,,,,,,,,1,2,2.0,0
c308745,2014-02-21,F,1974,인천광역시,연수구,42,42.0,17,1,2016-07-11,p1211951,1,1700,2016,7,145.0,1.0,2017-01-18,p1052661,1.0,1364.0,2017.0,1.0,0,2,5.0,42992
c362951,2015-11-04,F,1984,인천광역시,연수구,32,32.0,39,2,2016-10-28,p1175481,1,1300,2016,10,51.0,1.0,2017-02-07,p1100371,2.0,800.0,2017.0,2.0,0,1,1.0,5500
c366435,2015-12-19,F,1975,인천광역시,연수구,41,41.0,179,2,2016-11-07,p1005771,1,1850,2016,11,153.0,3.0,2017-01-03,p1256521,1.0,1650.0,2017.0,1.0,0,1,1.0,1850
c391925,2016-10-27,F,1941,인천광역시,연수구,75,75.0,127,3,2016-10-27,p1012581,1,1050,2016,10,,,,,,,,,1,0,1.0,1050
c315320,2014-05-02,M,1980,인천광역시,연수구,36,36.0,71,4,2016-12-28,p1012641,1,1450,2016,12,119.0,2.0,2017-02-13,p1012751,1.0,1850.0,2017.0,2.0,0,2,2.0,8350
c332026,2014-11-01,F,1977,인천광역시,연수구,39,39.0,139,1,2016-12-05,p1097821,1,1000,2016,12,53.0,2.0,2017-01-09,p1207281,1.0,3300.0,2017.0,1.0,0,2,2.0,3450
c306632,2014-01-24,F,1942,인천광역시,연수구,74,74.0,161,3,2016-08-09,p1005891,1,1950,2016,8,,,,,,,,,1,2,3.0,24600
c341674,2015-02-28,M,1973,인천광역시,중구,43,43.0,47,7,2016-07-01,p1234751,2,1636,2016,7,173.0,1.0,2017-01-05,p1149391,1.0,818.0,2017.0,1.0,0,1,19.0,86163
c310508,2014-03-12,F,1981,전라남도,해남군,35,35.0,155,1,2016-07-08,p1231011,2,1818,2016,7,147.0,2.0,2017-02-21,p1012811,1.0,3250.0,2017.0,2.0,0,2,2.0,18488
c352708,2015-06-26,F,1980,충청남도,당진시,36,36.0,125,3,2016-07-04,p1005771,1,1850,2016,7,173.0,4.0,2017-01-04,p1235451,1.0,1227.0,2017.0,1.0,0,1,7.0,37488
c395061,2016-12-08,F,1958,충청북도,청원군,58,58.0,79,1,2016-12-21,p1144661,1,1950,2016,12,187.0,1.0,2017-01-13,p1194801,1.0,8400.0,2017.0,1.0,0,0,2.0,17270
